casa,cluster_consumo
MAC000002,0
MAC000003,2
MAC000004,1
MAC000005,1
MAC000006,1
MAC000007,0
MAC000008,2
MAC000009,0
MAC000010,2
MAC000011,0
MAC000012,1
MAC000013,1
MAC000014,1
MAC000015,0
MAC000016,1
MAC000017,0
MAC000018,0
MAC000019,1
MAC000020,0
MAC000021,2
MAC000022,2
MAC000023,0
MAC000024,2
MAC000025,1
MAC000026,0
MAC000027,0
MAC000028,1
MAC000029,1
MAC000030,0
MAC000031,2
MAC000032,2
MAC000033,0
MAC000034,2
MAC000035,2
MAC000036,1
MAC000037,1
MAC000038,0
MAC000039,0
MAC000040,2
MAC000041,0
MAC000042,0
MAC000043,1
MAC000044,0
MAC000045,2
MAC000046,0
MAC000047,1
MAC000048,0
MAC000049,2
MAC000050,2
MAC000051,2
MAC000052,0
MAC000053,0
MAC000054,0
MAC000055,0
MAC000056,1
MAC000057,0
MAC000058,1
MAC000059,0
MAC000060,0
MAC000061,1
MAC000062,0
MAC000063,0
MAC000064,0
MAC000065,0
MAC000066,0
MAC000067,0
MAC000068,2
MAC000069,0
MAC000070,1
MAC000071,2
MAC000072,1
MAC000073,1
MAC000074,0
MAC000075,1
MAC000076,2
MAC000077,1
MAC000078,1
MAC000079,2
MAC000080,1
MAC000081,0
MAC000082,1
MAC000083,2
MAC000084,0
MAC000085,2
MAC000086,1
MAC000087,2
MAC000088,0
MAC000089,0
MAC000090,2
MAC000091,1
MAC000092,1
MAC000093,0
MAC000094,0
MAC000095,0
MAC000096,2
MAC000097,2
MAC000098,0
MAC000099,1
MAC000100,0
MAC000101,0
MAC000102,1
MAC000103,2
MAC000104,0
MAC000105,2
MAC000106,0
MAC000107,1
MAC000108,1
MAC000109,1
MAC000110,2
MAC000111,0
MAC000112,0
MAC000113,2
MAC000114,1
MAC000115,0
MAC000116,2
MAC000117,0
MAC000118,0
MAC000119,0
MAC000120,1
MAC000121,0
MAC000122,1
MAC000123,0
MAC000124,0
MAC000125,0
MAC000126,1
MAC000127,0
MAC000128,1
MAC000129,0
MAC000130,1
MAC000131,0
MAC000132,0
MAC000133,2
MAC000134,2
MAC000135,1
MAC000136,2
MAC000137,0
MAC000138,0
MAC000139,2
MAC000140,1
MAC000141,1
MAC000142,2
MAC000143,0
MAC000144,1
MAC000145,0
MAC000146,1
MAC000147,0
MAC000148,1
MAC000149,1
MAC000150,0
MAC000151,1
MAC000152,0
MAC000153,2
MAC000154,0
MAC000155,0
MAC000156,0
MAC000157,0
MAC000158,1
MAC000159,0
MAC000160,0
MAC000161,0
MAC000162,1
MAC000163,0
MAC000164,2
MAC000165,0
MAC000166,0
MAC000167,0
MAC000168,1
MAC000169,0
MAC000170,0
MAC000171,1
MAC000172,1
MAC000173,1
MAC000174,2
MAC000175,0
MAC000176,0
MAC000177,1
MAC000178,0
MAC000179,0
MAC000180,0
MAC000181,0
MAC000182,1
MAC000183,0
MAC000184,0
MAC000185,1
MAC000186,1
MAC000187,0
MAC000188,1
MAC000189,2
MAC000190,0
MAC000191,2
MAC000192,0
MAC000193,0
MAC000194,0
MAC000195,2
MAC000196,1
MAC000197,1
MAC000198,2
MAC000199,1
MAC000200,1
MAC000201,0
MAC000202,2
MAC000203,1
MAC000204,1
MAC000205,0
MAC000206,0
MAC000207,0
MAC000208,0
MAC000209,1
MAC000210,1
MAC000211,0
MAC000212,1
MAC000213,0
MAC000214,0
MAC000215,1
MAC000216,2
MAC000217,1
MAC000218,0
MAC000219,1
MAC000220,1
MAC000221,2
MAC000222,2
MAC000223,0
MAC000224,2
MAC000225,0
MAC000226,0
MAC000227,0
MAC000228,0
MAC000229,0
MAC000230,0
MAC000231,1
MAC000232,1
MAC000233,1
MAC000234,0
MAC000235,2
MAC000236,1
MAC000237,2
MAC000238,0
MAC000239,0
MAC000240,0
MAC000241,0
MAC000242,1
MAC000243,0
MAC000244,1
MAC000245,2
MAC000246,2
MAC000247,0
MAC000248,0
MAC000249,2
MAC000250,0
MAC000251,0
MAC000252,2
MAC000253,0
MAC000254,0
MAC000255,0
MAC000256,2
MAC000257,2
MAC000258,0
MAC000259,0
MAC000260,0
MAC000261,0
MAC000262,2
MAC000263,1
MAC000264,0
MAC000265,0
MAC000266,1
MAC000267,0
MAC000268,1
MAC000269,1
MAC000270,2
MAC000271,0
MAC000272,0
MAC000273,1
MAC000274,2
MAC000275,0
MAC000276,0
MAC000277,0
MAC000278,1
MAC000279,1
MAC000280,0
MAC000281,0
MAC000282,1
MAC000283,0
MAC000284,1
MAC000285,1
MAC000286,0
MAC000287,1
MAC000288,0
MAC000289,0
MAC000290,1
MAC000291,2
MAC000292,1
MAC000293,1
MAC000294,0
MAC000295,0
MAC000296,2
MAC000297,2
MAC000298,1
MAC000299,2
MAC000300,0
MAC000301,0
MAC000302,0
MAC000303,0
MAC000304,0
MAC000305,1
MAC000306,0
MAC000307,2
MAC000308,1
MAC000309,2
MAC000310,1
MAC000311,2
MAC000312,2
MAC000313,0
MAC000314,1
MAC000315,1
MAC000316,1
MAC000317,0
MAC000318,0
MAC000319,0
MAC000320,2
MAC000321,2
MAC000322,1
MAC000323,2
MAC000324,1
MAC000325,1
MAC000326,2
MAC000327,2
MAC000328,1
MAC000329,0
MAC000330,1
MAC000331,2
MAC000332,0
MAC000333,1
MAC000334,1
MAC000335,1
MAC000336,0
MAC000337,1
MAC000338,0
MAC000339,0
MAC000340,0
MAC000341,0
MAC000342,0
MAC000343,1
MAC000344,1
MAC000345,0
MAC000346,0
MAC000347,1
MAC000348,1
MAC000349,1
MAC000350,0
MAC000351,1
MAC000352,0
MAC000353,1
MAC000354,2
MAC000355,0
MAC000357,0
MAC000358,2
MAC000359,0
MAC000360,0
MAC000361,0
MAC000362,1
MAC000363,1
MAC000364,1
MAC000365,1
MAC000366,1
MAC000367,1
MAC000368,1
MAC000369,0
MAC000370,0
MAC000371,1
MAC000372,0
MAC000373,0
MAC000374,1
MAC000375,1
MAC000376,0
MAC000377,1
MAC000378,1
MAC000379,2
MAC000380,1
MAC000381,0
MAC000382,0
MAC000383,1
MAC000384,1
MAC000385,1
MAC000386,0
MAC000387,0
MAC000388,0
MAC000389,0
MAC000390,0
MAC000391,0
MAC000392,1
MAC000394,0
MAC000395,0
MAC000396,0
MAC000397,0
MAC000398,0
MAC000399,1
MAC000400,1
MAC000401,0
MAC000402,0
MAC000403,0
MAC000404,1
MAC000405,0
MAC000406,1
MAC000407,1
MAC000408,1
MAC000409,2
MAC000411,1
MAC000412,0
MAC000413,1
MAC000414,0
MAC000415,2
MAC000416,0
MAC000417,1
MAC000418,1
MAC000419,0
MAC000420,2
MAC000421,1
MAC000422,1
MAC000423,1
MAC000424,1
MAC000425,0
MAC000426,0
MAC000427,1
MAC000428,0
MAC000429,0
MAC000430,0
MAC000431,2
MAC000433,0
MAC000434,0
MAC000435,1
MAC000436,1
MAC000437,2
MAC000438,1
MAC000439,0
MAC000440,2
MAC000441,2
MAC000442,1
MAC000443,2
MAC000444,1
MAC000445,0
MAC000446,0
MAC000447,0
MAC000448,1
MAC000449,1
MAC000450,2
MAC000451,2
MAC000452,2
MAC000453,0
MAC000454,0
MAC000455,2
MAC000456,0
MAC000457,1
MAC000458,1
MAC000459,1
MAC000460,2
MAC000461,2
MAC000462,0
MAC000463,2
MAC000464,1
MAC000465,0
MAC000466,0
MAC000467,1
MAC000468,0
MAC000469,0
MAC000470,0
MAC000471,0
MAC000472,1
MAC000473,2
MAC000474,0
MAC000475,2
MAC000476,0
MAC000477,1
MAC000478,0
MAC000479,1
MAC000480,2
MAC000481,0
MAC000482,0
MAC000483,0
MAC000484,0
MAC000485,1
MAC000486,1
MAC000487,0
MAC000488,0
MAC000489,1
MAC000490,0
MAC000492,0
MAC000493,1
MAC000494,1
MAC000496,1
MAC000497,0
MAC000498,0
MAC000499,0
MAC000500,1
MAC000501,0
MAC000502,1
MAC000503,0
MAC000504,0
MAC000505,0
MAC000506,0
MAC000507,0
MAC000508,0
MAC000509,0
MAC000510,0
MAC000511,0
MAC000512,2
MAC000513,1
MAC000514,0
MAC000515,1
MAC000516,0
MAC000517,1
MAC000518,1
MAC000519,2
MAC000520,0
MAC000521,0
MAC000522,2
MAC000523,2
MAC000524,2
MAC000525,0
MAC000526,0
MAC000527,2
MAC000528,0
MAC000529,1
MAC000530,2
MAC000531,1
MAC000532,0
MAC000533,0
MAC000535,2
MAC000536,0
MAC000538,1
MAC000539,1
MAC000541,1
MAC000542,0
MAC000543,1
MAC000544,0
MAC000545,0
MAC000547,2
MAC000548,2
MAC000549,1
MAC000550,2
MAC000551,1
MAC000552,0
MAC000553,1
MAC000554,0
MAC000555,2
MAC000556,0
MAC000557,2
MAC000558,0
MAC000559,1
MAC000560,1
MAC000561,0
MAC000562,1
MAC000563,1
MAC000564,2
MAC000565,1
MAC000566,0
MAC000568,1
MAC000569,2
MAC000570,0
MAC000571,1
MAC000572,0
MAC000573,0
MAC000574,0
MAC000575,1
MAC000576,0
MAC000577,2
MAC000578,1
MAC000579,1
MAC000580,0
MAC000581,0
MAC000582,2
MAC000583,0
MAC000584,1
MAC000585,1
MAC000586,0
MAC000587,1
MAC000588,0
MAC000589,0
MAC000590,1
MAC000591,0
MAC000592,0
MAC000593,0
MAC000594,0
MAC000595,0
MAC000596,2
MAC000597,1
MAC000598,1
MAC000599,0
MAC000600,2
MAC000601,1
MAC000603,1
MAC000604,0
MAC000605,0
MAC000608,1
MAC000609,0
MAC000610,0
MAC000611,1
MAC000612,2
MAC000613,1
MAC000614,0
MAC000615,1
MAC000616,1
MAC000617,1
MAC000618,0
MAC000620,1
MAC000621,2
MAC000622,0
MAC000623,0
MAC000624,0
MAC000625,2
MAC000626,1
MAC000627,0
MAC000628,2
MAC000629,2
MAC000630,0
MAC000631,1
MAC000632,0
MAC000633,0
MAC000634,1
MAC000635,0
MAC000636,1
MAC000637,1
MAC000638,0
MAC000639,0
MAC000640,0
MAC000641,2
MAC000642,0
MAC000643,0
MAC000644,0
MAC000645,1
MAC000646,0
MAC000647,0
MAC000648,0
MAC000649,1
MAC000650,2
MAC000651,1
MAC000652,1
MAC000653,1
MAC000654,2
MAC000655,1
MAC000656,2
MAC000657,0
MAC000658,0
MAC000659,0
MAC000660,1
MAC000661,2
MAC000662,1
MAC000663,0
MAC000664,2
MAC000665,1
MAC000666,1
MAC000667,1
MAC000668,2
MAC000669,2
MAC000670,0
MAC000671,0
MAC000672,0
MAC000673,0
MAC000674,0
MAC000675,0
MAC000676,0
MAC000677,1
MAC000678,0
MAC000679,0
MAC000680,1
MAC000681,0
MAC000682,2
MAC000683,0
MAC000684,1
MAC000685,1
MAC000686,2
MAC000687,0
MAC000688,0
MAC000689,2
MAC000690,0
MAC000691,1
MAC000692,2
MAC000693,2
MAC000694,0
MAC000695,1
MAC000696,0
MAC000697,2
MAC000698,0
MAC000699,0
MAC000700,1
MAC000701,1
MAC000702,1
MAC000703,0
MAC000704,1
MAC000705,1
MAC000706,0
MAC000707,0
MAC000708,0
MAC000709,0
MAC000710,1
MAC000711,0
MAC000712,1
MAC000713,0
MAC000714,1
MAC000715,2
MAC000716,0
MAC000717,1
MAC000718,2
MAC000719,1
MAC000720,0
MAC000721,0
MAC000722,1
MAC000723,0
MAC000724,0
MAC000725,0
MAC000726,0
MAC000727,0
MAC000728,0
MAC000729,0
MAC000730,0
MAC000731,1
MAC000732,1
MAC000733,0
MAC000734,0
MAC000735,0
MAC000736,0
MAC000737,2
MAC000738,0
MAC000739,1
MAC000740,0
MAC000742,0
MAC000743,0
MAC000744,0
MAC000745,1
MAC000746,0
MAC000747,0
MAC000748,1
MAC000749,2
MAC000750,0
MAC000751,1
MAC000752,1
MAC000753,0
MAC000754,0
MAC000755,2
MAC000756,0
MAC000757,1
MAC000758,1
MAC000759,1
MAC000760,1
MAC000761,0
MAC000762,1
MAC000763,1
MAC000764,1
MAC000765,0
MAC000766,0
MAC000767,1
MAC000768,0
MAC000769,1
MAC000771,1
MAC000772,1
MAC000773,1
MAC000774,0
MAC000775,0
MAC000776,1
MAC000777,1
MAC000778,2
MAC000779,1
MAC000780,2
MAC000781,1
MAC000782,0
MAC000783,1
MAC000784,2
MAC000785,2
MAC000786,0
MAC000787,0
MAC000788,0
MAC000789,1
MAC000790,1
MAC000791,0
MAC000792,0
MAC000793,1
MAC000794,0
MAC000795,0
MAC000796,1
MAC000797,0
MAC000798,1
MAC000799,0
MAC000800,0
MAC000801,0
MAC000802,0
MAC000803,0
MAC000804,1
MAC000805,1
MAC000806,2
MAC000807,0
MAC000808,2
MAC000809,1
MAC000810,1
MAC000811,2
MAC000812,1
MAC000813,1
MAC000814,0
MAC000815,0
MAC000816,1
MAC000817,2
MAC000818,1
MAC000819,1
MAC000820,0
MAC000821,1
MAC000822,0
MAC000823,0
MAC000824,0
MAC000825,0
MAC000826,0
MAC000827,0
MAC000828,2
MAC000829,1
MAC000830,2
MAC000831,0
MAC000832,0
MAC000833,2
MAC000834,2
MAC000835,2
MAC000836,0
MAC000837,1
MAC000838,1
MAC000839,0
MAC000840,2
MAC000841,0
MAC000842,1
MAC000843,1
MAC000844,2
MAC000845,1
MAC000846,1
MAC000847,1
MAC000848,2
MAC000849,0
MAC000850,0
MAC000851,2
MAC000852,1
MAC000853,1
MAC000854,0
MAC000855,2
MAC000856,0
MAC000857,1
MAC000858,2
MAC000859,1
MAC000860,0
MAC000861,0
MAC000862,0
MAC000863,2
MAC000864,0
MAC000865,0
MAC000866,0
MAC000867,0
MAC000868,1
MAC000869,1
MAC000870,1
MAC000871,1
MAC000872,0
MAC000873,1
MAC000874,1
MAC000875,0
MAC000876,0
MAC000877,1
MAC000878,0
MAC000879,0
MAC000880,1
MAC000881,0
MAC000882,0
MAC000884,2
MAC000885,2
MAC000886,2
MAC000887,1
MAC000888,2
MAC000889,2
MAC000890,0
MAC000891,1
MAC000892,2
MAC000893,0
MAC000894,0
MAC000895,1
MAC000896,0
MAC000897,1
MAC000899,2
MAC000900,0
MAC000901,0
MAC000902,2
MAC000903,1
MAC000904,2
MAC000905,0
MAC000906,0
MAC000907,0
MAC000908,2
MAC000909,1
MAC000910,1
MAC000911,0
MAC000912,1
MAC000913,0
MAC000914,0
MAC000915,1
MAC000916,2
MAC000917,0
MAC000918,1
MAC000919,1
MAC000920,1
MAC000921,0
MAC000922,0
MAC000923,1
MAC000924,1
MAC000925,0
MAC000926,1
MAC000927,0
MAC000928,0
MAC000929,0
MAC000930,0
MAC000931,1
MAC000933,1
MAC000934,2
MAC000935,1
MAC000936,1
MAC000937,1
MAC000938,0
MAC000939,0
MAC000940,2
MAC000941,0
MAC000942,0
MAC000943,0
MAC000944,1
MAC000945,0
MAC000946,0
MAC000947,0
MAC000948,0
MAC000949,0
MAC000950,0
MAC000952,1
MAC000953,1
MAC000954,0
MAC000955,1
MAC000956,1
MAC000957,2
MAC000958,0
MAC000959,2
MAC000960,0
MAC000961,0
MAC000962,1
MAC000963,0
MAC000964,0
MAC000965,0
MAC000966,2
MAC000967,0
MAC000968,0
MAC000969,1
MAC000970,1
MAC000971,1
MAC000972,0
MAC000973,1
MAC000974,1
MAC000975,0
MAC000976,0
MAC000977,0
MAC000978,0
MAC000979,0
MAC000980,1
MAC000981,2
MAC000982,0
MAC000983,2
MAC000984,1
MAC000985,2
MAC000986,2
MAC000987,0
MAC000989,1
MAC000990,0
MAC000991,1
MAC000992,0
MAC000993,0
MAC000994,0
MAC000995,2
MAC000996,0
MAC000997,1
MAC000998,1
MAC000999,1
MAC001000,0
MAC001001,0
MAC001002,1
MAC001003,0
MAC001004,2
MAC001006,0
MAC001007,1
MAC001008,1
MAC001009,2
MAC001010,1
MAC001011,2
MAC001012,1
MAC001013,1
MAC001014,2
MAC001015,1
MAC001016,0
MAC001017,1
MAC001018,1
MAC001019,1
MAC001020,2
MAC001021,1
MAC001022,1
MAC001023,0
MAC001024,1
MAC001025,1
MAC001026,0
MAC001027,0
MAC001028,0
MAC001029,0
MAC001030,1
MAC001031,0
MAC001032,2
MAC001033,2
MAC001034,0
MAC001035,1
MAC001036,2
MAC001037,0
MAC001038,1
MAC001039,0
MAC001040,0
MAC001041,1
MAC001042,1
MAC001043,1
MAC001044,2
MAC001047,0
MAC001048,0
MAC001049,1
MAC001050,0
MAC001051,1
MAC001052,0
MAC001053,1
MAC001054,0
MAC001055,0
MAC001056,0
MAC001057,1
MAC001058,1
MAC001059,0
MAC001060,2
MAC001061,1
MAC001062,0
MAC001063,0
MAC001064,0
MAC001066,0
MAC001067,1
MAC001068,1
MAC001069,1
MAC001070,2
MAC001071,0
MAC001072,1
MAC001073,0
MAC001075,1
MAC001076,0
MAC001077,0
MAC001078,2
MAC001079,1
MAC001080,1
MAC001081,2
MAC001083,0
MAC001084,1
MAC001085,2
MAC001086,0
MAC001087,0
MAC001088,1
MAC001089,1
MAC001090,0
MAC001091,0
MAC001092,1
MAC001093,0
MAC001094,1
MAC001095,2
MAC001096,1
MAC001097,0
MAC001098,2
MAC001099,2
MAC001100,1
MAC001101,1
MAC001102,0
MAC001103,1
MAC001104,2
MAC001105,1
MAC001106,1
MAC001107,2
MAC001108,1
MAC001109,0
MAC001110,2
MAC001111,0
MAC001112,0
MAC001113,0
MAC001114,0
MAC001116,2
MAC001117,0
MAC001118,0
MAC001119,0
MAC001120,1
MAC001121,0
MAC001122,2
MAC001123,0
MAC001124,0
MAC001125,0
MAC001126,0
MAC001127,0
MAC001128,1
MAC001129,1
MAC001130,1
MAC001131,0
MAC001132,0
MAC001133,0
MAC001135,1
MAC001136,1
MAC001137,0
MAC001138,0
MAC001139,0
MAC001140,1
MAC001141,0
MAC001142,1
MAC001143,0
MAC001144,0
MAC001145,2
MAC001146,0
MAC001147,0
MAC001148,1
MAC001149,1
MAC001151,0
MAC001152,2
MAC001153,1
MAC001154,0
MAC001155,0
MAC001156,1
MAC001157,0
MAC001158,0
MAC001159,1
MAC001160,2
MAC001161,1
MAC001162,0
MAC001163,0
MAC001164,0
MAC001165,1
MAC001166,0
MAC001167,0
MAC001168,0
MAC001169,1
MAC001170,1
MAC001171,0
MAC001172,1
MAC001173,1
MAC001174,0
MAC001176,1
MAC001177,1
MAC001178,1
MAC001179,0
MAC001180,1
MAC001181,1
MAC001182,1
MAC001183,0
MAC001184,0
MAC001185,0
MAC001186,1
MAC001187,0
MAC001188,1
MAC001189,1
MAC001190,0
MAC001191,1
MAC001192,2
MAC001193,0
MAC001194,1
MAC001195,0
MAC001197,1
MAC001198,2
MAC001199,1
MAC001200,1
MAC001202,2
MAC001203,2
MAC001204,1
MAC001205,0
MAC001206,1
MAC001207,1
MAC001208,1
MAC001209,1
MAC001210,1
MAC001211,0
MAC001212,0
MAC001213,0
MAC001214,0
MAC001215,2
MAC001216,1
MAC001217,0
MAC001218,1
MAC001219,0
MAC001220,2
MAC001221,0
MAC001222,1
MAC001223,1
MAC001225,0
MAC001226,0
MAC001227,0
MAC001228,1
MAC001230,0
MAC001232,0
MAC001233,0
MAC001234,1
MAC001235,2
MAC001236,1
MAC001237,1
MAC001238,1
MAC001239,0
MAC001240,2
MAC001241,1
MAC001242,1
MAC001243,0
MAC001244,1
MAC001246,0
MAC001247,0
MAC001248,1
MAC001249,1
MAC001250,2
MAC001251,2
MAC001252,2
MAC001253,0
MAC001254,1
MAC001255,0
MAC001256,1
MAC001257,1
MAC001258,2
MAC001259,1
MAC001260,1
MAC001261,1
MAC001262,1
MAC001263,1
MAC001264,0
MAC001265,2
MAC001266,0
MAC001267,1
MAC001268,1
MAC001269,0
MAC001270,1
MAC001271,2
MAC001272,1
MAC001273,1
MAC001274,1
MAC001275,1
MAC001276,0
MAC001277,0
MAC001279,0
MAC001280,1
MAC001281,1
MAC001282,1
MAC001283,2
MAC001285,1
MAC001286,0
MAC001288,0
MAC001289,0
MAC001291,1
MAC001292,0
MAC001293,1
MAC001294,1
MAC001295,0
MAC001296,1
MAC001297,1
MAC001298,0
MAC001299,0
MAC001301,0
MAC001302,1
MAC001303,1
MAC001304,0
MAC001305,0
MAC001306,0
MAC001307,1
MAC001308,0
MAC001309,1
MAC001310,2
MAC001312,1
MAC001313,0
MAC001314,0
MAC001315,2
MAC001316,1
MAC001317,1
MAC001318,1
MAC001319,1
MAC001320,0
MAC001321,1
MAC001322,1
MAC001323,2
MAC001324,0
MAC001325,1
MAC001326,0
MAC001327,1
MAC001328,1
MAC001329,1
MAC001330,0
MAC001331,1
MAC001332,1
MAC001334,1
MAC001335,1
MAC001336,0
MAC001337,1
MAC001339,1
MAC001340,1
MAC001341,0
MAC001342,1
MAC001343,0
MAC001344,1
MAC001345,1
MAC001346,1
MAC001347,1
MAC001348,2
MAC001349,1
MAC001350,2
MAC001351,0
MAC001352,0
MAC001353,1
MAC001354,2
MAC001355,0
MAC001356,1
MAC001357,0
MAC001358,0
MAC001359,0
MAC001360,0
MAC001361,0
MAC001362,1
MAC001363,1
MAC001364,0
MAC001365,1
MAC001366,0
MAC001367,0
MAC001368,1
MAC001369,1
MAC001370,1
MAC001371,0
MAC001372,1
MAC001373,1
MAC001374,0
MAC001375,1
MAC001376,0
MAC001377,0
MAC001378,1
MAC001379,1
MAC001380,2
MAC001381,2
MAC001382,0
MAC001383,0
MAC001384,0
MAC001385,1
MAC001386,1
MAC001387,1
MAC001388,1
MAC001389,1
MAC001390,0
MAC001391,1
MAC001392,1
MAC001393,0
MAC001394,1
MAC001395,2
MAC001396,1
MAC001397,0
MAC001398,0
MAC001399,0
MAC001400,0
MAC001401,0
MAC001402,1
MAC001405,0
MAC001406,0
MAC001408,0
MAC001409,0
MAC001410,0
MAC001411,0
MAC001412,0
MAC001413,1
MAC001414,1
MAC001415,0
MAC001416,0
MAC001417,0
MAC001418,1
MAC001419,0
MAC001420,0
MAC001421,0
MAC001422,0
MAC001423,0
MAC001424,1
MAC001425,2
MAC001426,1
MAC001428,1
MAC001429,2
MAC001430,0
MAC001431,0
MAC001432,0
MAC001433,0
MAC001434,0
MAC001435,0
MAC001436,1
MAC001437,1
MAC001438,0
MAC001439,0
MAC001440,0
MAC001441,1
MAC001442,0
MAC001443,2
MAC001444,1
MAC001445,2
MAC001446,0
MAC001447,0
MAC001448,0
MAC001449,1
MAC001450,0
MAC001451,2
MAC001452,0
MAC001453,0
MAC001454,1
MAC001455,1
MAC001456,0
MAC001457,1
MAC001458,1
MAC001459,1
MAC001460,1
MAC001461,0
MAC001462,1
MAC001463,2
MAC001464,0
MAC001465,0
MAC001466,1
MAC001467,0
MAC001468,0
MAC001469,2
MAC001470,0
MAC001471,0
MAC001472,1
MAC001473,0
MAC001474,1
MAC001475,1
MAC001476,1
MAC001479,2
MAC001480,0
MAC001481,1
MAC001482,0
MAC001483,1
MAC001484,0
MAC001485,1
MAC001486,2
MAC001487,1
MAC001488,0
MAC001489,1
MAC001490,1
MAC001491,0
MAC001492,1
MAC001493,0
MAC001494,1
MAC001495,2
MAC001496,0
MAC001497,1
MAC001498,0
MAC001499,0
MAC001500,1
MAC001501,1
MAC001502,2
MAC001503,1
MAC001504,1
MAC001505,0
MAC001506,0
MAC001507,0
MAC001508,0
MAC001509,1
MAC001510,2
MAC001511,0
MAC001512,1
MAC001513,0
MAC001514,2
MAC001515,0
MAC001516,0
MAC001517,1
MAC001518,0
MAC001519,0
MAC001520,1
MAC001521,0
MAC001522,2
MAC001523,0
MAC001524,2
MAC001525,1
MAC001526,1
MAC001527,1
MAC001528,0
MAC001529,1
MAC001530,0
MAC001531,0
MAC001532,0
MAC001533,0
MAC001534,0
MAC001535,1
MAC001536,0
MAC001537,2
MAC001538,2
MAC001539,0
MAC001540,1
MAC001541,2
MAC001542,0
MAC001543,1
MAC001544,2
MAC001545,1
MAC001546,0
MAC001547,0
MAC001548,2
MAC001549,0
MAC001550,2
MAC001551,0
MAC001552,0
MAC001553,0
MAC001554,1
MAC001555,0
MAC001556,2
MAC001557,0
MAC001558,1
MAC001559,0
MAC001560,0
MAC001561,2
MAC001562,2
MAC001563,0
MAC001564,2
MAC001565,0
MAC001566,1
MAC001567,0
MAC001568,1
MAC001569,0
MAC001570,0
MAC001571,2
MAC001572,0
MAC001573,1
MAC001574,1
MAC001575,2
MAC001576,2
MAC001578,0
MAC001579,2
MAC001580,2
MAC001581,0
MAC001583,0
MAC001584,0
MAC001585,0
MAC001586,1
MAC001587,0
MAC001588,0
MAC001589,1
MAC001590,2
MAC001591,1
MAC001592,0
MAC001593,0
MAC001594,0
MAC001595,1
MAC001596,1
MAC001597,0
MAC001598,0
MAC001600,1
MAC001601,2
MAC001602,1
MAC001603,2
MAC001604,0
MAC001605,0
MAC001606,1
MAC001607,1
MAC001608,2
MAC001609,0
MAC001610,1
MAC001611,0
MAC001612,0
MAC001613,2
MAC001614,0
MAC001615,1
MAC001616,1
MAC001617,0
MAC001618,0
MAC001619,0
MAC001620,0
MAC001621,0
MAC001622,1
MAC001623,0
MAC001624,1
MAC001625,0
MAC001626,0
MAC001627,0
MAC001628,0
MAC001630,0
MAC001631,0
MAC001632,1
MAC001634,0
MAC001635,1
MAC001636,0
MAC001637,1
MAC001638,0
MAC001639,0
MAC001640,1
MAC001641,2
MAC001642,2
MAC001643,2
MAC001644,0
MAC001645,0
MAC001646,0
MAC001647,1
MAC001648,1
MAC001649,2
MAC001650,0
MAC001651,0
MAC001652,1
MAC001654,1
MAC001655,1
MAC001656,0
MAC001657,1
MAC001658,0
MAC001659,0
MAC001660,1
MAC001661,2
MAC001662,1
MAC001663,1
MAC001664,2
MAC001665,2
MAC001666,0
MAC001667,1
MAC001668,0
MAC001669,2
MAC001670,1
MAC001672,0
MAC001673,0
MAC001674,1
MAC001675,1
MAC001676,2
MAC001677,0
MAC001678,1
MAC001679,0
MAC001680,0
MAC001681,1
MAC001682,0
MAC001683,0
MAC001684,1
MAC001685,0
MAC001686,1
MAC001687,0
MAC001688,1
MAC001689,2
MAC001690,0
MAC001691,0
MAC001692,2
MAC001693,2
MAC001694,0
MAC001695,1
MAC001696,2
MAC001697,0
MAC001698,2
MAC001699,2
MAC001701,2
MAC001702,1
MAC001703,0
MAC001704,1
MAC001705,2
MAC001706,0
MAC001707,0
MAC001708,0
MAC001709,0
MAC001710,2
MAC001711,1
MAC001713,2
MAC001714,1
MAC001715,2
MAC001716,0
MAC001717,0
MAC001718,1
MAC001719,0
MAC001720,0
MAC001721,0
MAC001722,1
MAC001723,0
MAC001724,2
MAC001725,2
MAC001726,2
MAC001727,0
MAC001728,0
MAC001729,0
MAC001730,0
MAC001731,2
MAC001732,1
MAC001733,0
MAC001734,2
MAC001735,2
MAC001736,2
MAC001737,1
MAC001738,1
MAC001739,2
MAC001740,1
MAC001741,1
MAC001742,0
MAC001743,0
MAC001744,2
MAC001745,0
MAC001746,2
MAC001747,0
MAC001749,0
MAC001750,1
MAC001751,0
MAC001752,0
MAC001753,0
MAC001754,1
MAC001755,1
MAC001756,0
MAC001757,1
MAC001758,2
MAC001759,1
MAC001760,2
MAC001761,0
MAC001762,0
MAC001763,1
MAC001764,0
MAC001765,2
MAC001766,2
MAC001767,1
MAC001768,2
MAC001769,0
MAC001770,1
MAC001771,0
MAC001772,1
MAC001773,1
MAC001774,1
MAC001775,0
MAC001776,1
MAC001777,0
MAC001778,1
MAC001779,0
MAC001780,2
MAC001781,0
MAC001782,0
MAC001783,2
MAC001784,0
MAC001785,0
MAC001786,0
MAC001787,1
MAC001788,1
MAC001789,0
MAC001790,2
MAC001791,0
MAC001792,0
MAC001793,0
MAC001794,2
MAC001795,1
MAC001796,0
MAC001797,0
MAC001798,1
MAC001799,1
MAC001800,0
MAC001801,1
MAC001802,0
MAC001803,1
MAC001804,1
MAC001805,2
MAC001806,0
MAC001807,1
MAC001808,1
MAC001809,2
MAC001810,0
MAC001811,2
MAC001812,0
MAC001813,0
MAC001814,1
MAC001815,1
MAC001816,1
MAC001817,1
MAC001818,0
MAC001819,0
MAC001821,2
MAC001822,2
MAC001823,1
MAC001824,0
MAC001825,0
MAC001826,1
MAC001827,0
MAC001828,2
MAC001829,0
MAC001830,0
MAC001831,2
MAC001832,2
MAC001833,1
MAC001834,0
MAC001835,0
MAC001836,2
MAC001837,0
MAC001838,2
MAC001839,0
MAC001840,1
MAC001841,1
MAC001842,0
MAC001843,2
MAC001844,1
MAC001845,1
MAC001846,2
MAC001847,1
MAC001848,0
MAC001849,1
MAC001850,0
MAC001851,2
MAC001852,1
MAC001853,2
MAC001854,0
MAC001855,1
MAC001856,0
MAC001857,0
MAC001858,0
MAC001859,2
MAC001860,0
MAC001861,2
MAC001862,2
MAC001863,1
MAC001864,2
MAC001865,0
MAC001866,0
MAC001867,0
MAC001868,0
MAC001869,0
MAC001871,1
MAC001872,1
MAC001873,0
MAC001874,2
MAC001875,0
MAC001876,0
MAC001877,0
MAC001878,2
MAC001879,0
MAC001880,0
MAC001881,0
MAC001882,0
MAC001883,1
MAC001884,1
MAC001885,0
MAC001886,1
MAC001888,1
MAC001889,1
MAC001890,1
MAC001891,0
MAC001892,1
MAC001893,2
MAC001894,0
MAC001895,2
MAC001896,0
MAC001897,0
MAC001898,1
MAC001899,0
MAC001900,0
MAC001902,2
MAC001903,1
MAC001904,0
MAC001905,1
MAC001906,0
MAC001907,1
MAC001908,0
MAC001909,0
MAC001911,0
MAC001912,1
MAC001913,2
MAC001914,0
MAC001915,1
MAC001916,1
MAC001917,0
MAC001918,0
MAC001919,1
MAC001920,2
MAC001922,1
MAC001923,0
MAC001924,1
MAC001925,0
MAC001926,0
MAC001927,0
MAC001928,0
MAC001929,0
MAC001930,1
MAC001931,1
MAC001932,0
MAC001933,1
MAC001934,0
MAC001935,0
MAC001936,2
MAC001937,0
MAC001938,1
MAC001939,2
MAC001940,0
MAC001941,0
MAC001942,1
MAC001943,0
MAC001944,1
MAC001945,1
MAC001946,1
MAC001947,0
MAC001948,2
MAC001949,1
MAC001950,0
MAC001951,0
MAC001952,1
MAC001953,1
MAC001954,0
MAC001955,0
MAC001956,2
MAC001958,0
MAC001959,0
MAC001960,1
MAC001961,1
MAC001962,1
MAC001963,1
MAC001964,1
MAC001965,1
MAC001966,2
MAC001967,1
MAC001968,0
MAC001969,1
MAC001970,2
MAC001971,0
MAC001972,1
MAC001973,0
MAC001974,0
MAC001975,0
MAC001976,1
MAC001977,1
MAC001978,2
MAC001979,0
MAC001980,1
MAC001981,2
MAC001982,2
MAC001983,0
MAC001984,1
MAC001985,1
MAC001986,0
MAC001987,2
MAC001988,0
MAC001989,2
MAC001990,1
MAC001991,2
MAC001992,1
MAC001993,1
MAC001994,0
MAC001995,2
MAC001996,0
MAC001997,1
MAC001998,0
MAC001999,1
MAC002000,1
MAC002001,0
MAC002002,2
MAC002003,1
MAC002004,2
MAC002005,0
MAC002006,0
MAC002007,2
MAC002008,1
MAC002009,0
MAC002010,1
MAC002011,1
MAC002012,2
MAC002013,0
MAC002015,0
MAC002016,1
MAC002017,1
MAC002019,0
MAC002020,0
MAC002021,1
MAC002022,1
MAC002023,0
MAC002025,0
MAC002026,1
MAC002027,0
MAC002028,0
MAC002029,0
MAC002030,0
MAC002031,0
MAC002032,0
MAC002033,1
MAC002034,2
MAC002035,2
MAC002036,1
MAC002037,0
MAC002038,0
MAC002039,2
MAC002040,1
MAC002041,0
MAC002042,2
MAC002043,1
MAC002044,0
MAC002045,1
MAC002046,0
MAC002047,0
MAC002048,0
MAC002049,0
MAC002050,1
MAC002051,2
MAC002052,1
MAC002053,1
MAC002054,1
MAC002055,1
MAC002056,1
MAC002057,0
MAC002058,1
MAC002059,0
MAC002060,1
MAC002061,1
MAC002062,0
MAC002063,1
MAC002064,2
MAC002065,1
MAC002066,1
MAC002067,1
MAC002068,2
MAC002069,0
MAC002070,0
MAC002071,0
MAC002072,1
MAC002073,1
MAC002074,0
MAC002075,1
MAC002076,0
MAC002077,1
MAC002078,1
MAC002079,2
MAC002080,0
MAC002081,0
MAC002082,2
MAC002083,0
MAC002084,0
MAC002085,1
MAC002086,1
MAC002087,2
MAC002088,0
MAC002089,1
MAC002090,0
MAC002091,1
MAC002093,1
MAC002094,0
MAC002095,0
MAC002096,1
MAC002098,0
MAC002099,2
MAC002100,2
MAC002101,0
MAC002102,2
MAC002103,0
MAC002104,1
MAC002106,0
MAC002107,1
MAC002108,0
MAC002109,0
MAC002111,0
MAC002112,2
MAC002113,1
MAC002114,1
MAC002115,0
MAC002116,1
MAC002117,1
MAC002118,1
MAC002119,2
MAC002120,2
MAC002121,0
MAC002122,2
MAC002123,0
MAC002124,1
MAC002125,2
MAC002126,1
MAC002127,0
MAC002128,1
MAC002129,1
MAC002130,1
MAC002131,1
MAC002132,0
MAC002133,1
MAC002134,0
MAC002135,1
MAC002136,1
MAC002137,2
MAC002138,0
MAC002139,0
MAC002141,0
MAC002142,1
MAC002143,1
MAC002144,1
MAC002145,0
MAC002146,1
MAC002147,1
MAC002148,2
MAC002149,0
MAC002150,0
MAC002151,0
MAC002152,1
MAC002153,2
MAC002154,0
MAC002156,2
MAC002157,0
MAC002158,0
MAC002159,0
MAC002160,0
MAC002161,0
MAC002162,1
MAC002163,2
MAC002164,2
MAC002165,2
MAC002166,2
MAC002167,1
MAC002168,0
MAC002170,2
MAC002171,0
MAC002172,1
MAC002173,0
MAC002174,0
MAC002175,1
MAC002176,0
MAC002177,1
MAC002178,0
MAC002179,2
MAC002180,0
MAC002181,0
MAC002182,0
MAC002183,0
MAC002184,0
MAC002185,1
MAC002186,1
MAC002187,0
MAC002188,0
MAC002189,1
MAC002190,2
MAC002191,0
MAC002192,0
MAC002193,1
MAC002194,2
MAC002195,0
MAC002196,1
MAC002197,1
MAC002198,0
MAC002199,0
MAC002201,0
MAC002202,0
MAC002203,1
MAC002204,1
MAC002205,0
MAC002206,1
MAC002208,2
MAC002209,0
MAC002210,0
MAC002211,1
MAC002212,0
MAC002213,2
MAC002214,0
MAC002215,0
MAC002216,1
MAC002217,1
MAC002218,0
MAC002219,1
MAC002220,1
MAC002221,0
MAC002222,0
MAC002223,0
MAC002224,1
MAC002225,0
MAC002226,0
MAC002228,1
MAC002229,1
MAC002230,0
MAC002231,2
MAC002232,0
MAC002233,0
MAC002234,0
MAC002235,2
MAC002236,1
MAC002237,1
MAC002238,0
MAC002239,0
MAC002240,0
MAC002241,2
MAC002242,0
MAC002243,2
MAC002244,1
MAC002245,0
MAC002246,0
MAC002247,0
MAC002248,0
MAC002249,0
MAC002250,1
MAC002251,1
MAC002252,0
MAC002253,2
MAC002254,0
MAC002255,1
MAC002256,0
MAC002257,1
MAC002258,1
MAC002259,0
MAC002260,2
MAC002261,1
MAC002262,1
MAC002263,0
MAC002264,2
MAC002265,0
MAC002266,1
MAC002267,2
MAC002268,1
MAC002269,0
MAC002270,1
MAC002271,1
MAC002272,0
MAC002273,1
MAC002274,0
MAC002276,1
MAC002277,1
MAC002278,1
MAC002279,0
MAC002280,0
MAC002281,2
MAC002282,0
MAC002283,0
MAC002284,1
MAC002285,1
MAC002286,0
MAC002287,0
MAC002288,1
MAC002289,1
MAC002290,1
MAC002291,2
MAC002292,1
MAC002293,0
MAC002294,1
MAC002295,0
MAC002296,2
MAC002297,1
MAC002298,1
MAC002299,0
MAC002300,0
MAC002301,1
MAC002302,0
MAC002303,1
MAC002304,1
MAC002305,0
MAC002306,0
MAC002307,0
MAC002308,0
MAC002309,1
MAC002310,0
MAC002311,0
MAC002312,0
MAC002314,2
MAC002315,1
MAC002316,0
MAC002317,0
MAC002318,1
MAC002319,1
MAC002320,0
MAC002321,2
MAC002322,1
MAC002323,0
MAC002324,2
MAC002325,0
MAC002326,0
MAC002327,0
MAC002329,1
MAC002330,0
MAC002331,1
MAC002332,0
MAC002333,1
MAC002334,0
MAC002335,2
MAC002336,0
MAC002337,1
MAC002339,0
MAC002340,0
MAC002341,0
MAC002342,0
MAC002343,2
MAC002344,1
MAC002345,1
MAC002346,0
MAC002347,1
MAC002348,0
MAC002349,2
MAC002350,0
MAC002352,0
MAC002353,0
MAC002354,0
MAC002355,1
MAC002356,1
MAC002357,1
MAC002358,2
MAC002359,0
MAC002360,0
MAC002361,2
MAC002362,0
MAC002363,0
MAC002364,1
MAC002365,1
MAC002366,1
MAC002367,2
MAC002368,0
MAC002369,0
MAC002370,0
MAC002371,1
MAC002372,0
MAC002373,1
MAC002375,1
MAC002376,2
MAC002377,0
MAC002378,0
MAC002379,0
MAC002380,2
MAC002381,0
MAC002383,1
MAC002384,1
MAC002385,0
MAC002386,1
MAC002387,1
MAC002388,1
MAC002389,0
MAC002390,1
MAC002391,0
MAC002392,1
MAC002393,0
MAC002394,0
MAC002395,0
MAC002396,2
MAC002397,0
MAC002398,0
MAC002399,1
MAC002400,0
MAC002401,2
MAC002402,0
MAC002403,0
MAC002404,0
MAC002405,0
MAC002406,0
MAC002407,0
MAC002408,0
MAC002410,1
MAC002411,2
MAC002412,0
MAC002413,1
MAC002414,0
MAC002415,0
MAC002416,1
MAC002417,1
MAC002418,1
MAC002419,0
MAC002420,0
MAC002421,0
MAC002422,1
MAC002423,1
MAC002424,0
MAC002425,1
MAC002426,0
MAC002427,1
MAC002428,0
MAC002429,1
MAC002430,1
MAC002431,1
MAC002432,0
MAC002433,0
MAC002434,0
MAC002435,1
MAC002436,0
MAC002437,0
MAC002439,1
MAC002440,0
MAC002441,2
MAC002442,0
MAC002443,2
MAC002444,0
MAC002445,0
MAC002446,2
MAC002448,1
MAC002449,0
MAC002450,1
MAC002451,2
MAC002452,1
MAC002453,1
MAC002454,1
MAC002455,0
MAC002456,0
MAC002457,0
MAC002458,0
MAC002459,1
MAC002460,1
MAC002461,1
MAC002463,1
MAC002464,0
MAC002465,1
MAC002466,0
MAC002467,1
MAC002468,1
MAC002469,1
MAC002470,1
MAC002471,0
MAC002472,1
MAC002473,0
MAC002474,1
MAC002475,2
MAC002476,0
MAC002477,0
MAC002478,2
MAC002479,0
MAC002480,0
MAC002481,0
MAC002482,2
MAC002483,1
MAC002484,1
MAC002485,0
MAC002486,0
MAC002487,0
MAC002488,1
MAC002489,0
MAC002490,1
MAC002491,0
MAC002492,2
MAC002493,0
MAC002494,0
MAC002496,0
MAC002497,0
MAC002498,1
MAC002499,0
MAC002500,2
MAC002501,1
MAC002502,2
MAC002504,0
MAC002505,2
MAC002506,0
MAC002507,0
MAC002508,1
MAC002509,0
MAC002510,2
MAC002511,0
MAC002512,2
MAC002513,1
MAC002514,0
MAC002515,0
MAC002516,0
MAC002517,0
MAC002518,1
MAC002519,0
MAC002520,0
MAC002521,1
MAC002522,1
MAC002523,0
MAC002524,1
MAC002525,0
MAC002526,2
MAC002527,1
MAC002528,1
MAC002529,1
MAC002530,1
MAC002531,0
MAC002532,1
MAC002533,0
MAC002534,0
MAC002535,2
MAC002536,0
MAC002537,1
MAC002538,0
MAC002539,1
MAC002540,0
MAC002541,0
MAC002542,1
MAC002543,1
MAC002544,2
MAC002545,1
MAC002546,0
MAC002547,0
MAC002548,1
MAC002549,2
MAC002550,0
MAC002551,0
MAC002552,0
MAC002553,0
MAC002554,1
MAC002555,0
MAC002556,1
MAC002557,2
MAC002558,2
MAC002559,0
MAC002560,1
MAC002561,0
MAC002562,0
MAC002563,0
MAC002564,1
MAC002565,1
MAC002566,1
MAC002567,0
MAC002568,1
MAC002569,0
MAC002570,2
MAC002571,0
MAC002572,1
MAC002573,1
MAC002574,0
MAC002575,1
MAC002576,0
MAC002577,1
MAC002578,1
MAC002579,1
MAC002580,1
MAC002581,1
MAC002582,0
MAC002583,0
MAC002584,0
MAC002585,1
MAC002586,1
MAC002587,1
MAC002588,0
MAC002589,0
MAC002590,2
MAC002591,0
MAC002592,2
MAC002593,1
MAC002594,1
MAC002595,0
MAC002596,0
MAC002597,1
MAC002598,1
MAC002599,0
MAC002600,0
MAC002601,2
MAC002602,0
MAC002603,0
MAC002604,2
MAC002605,2
MAC002606,0
MAC002607,1
MAC002608,0
MAC002609,0
MAC002610,0
MAC002611,2
MAC002612,1
MAC002614,0
MAC002615,1
MAC002616,1
MAC002617,0
MAC002618,0
MAC002619,1
MAC002620,0
MAC002621,0
MAC002622,0
MAC002623,1
MAC002624,1
MAC002625,0
MAC002626,2
MAC002627,2
MAC002628,2
MAC002630,0
MAC002631,1
MAC002632,1
MAC002633,2
MAC002635,2
MAC002636,1
MAC002637,0
MAC002638,0
MAC002639,2
MAC002640,0
MAC002641,2
MAC002642,1
MAC002643,1
MAC002644,2
MAC002645,2
MAC002646,1
MAC002647,2
MAC002648,0
MAC002649,2
MAC002650,0
MAC002651,1
MAC002652,0
MAC002653,0
MAC002654,1
MAC002655,0
MAC002656,1
MAC002657,1
MAC002658,0
MAC002659,1
MAC002660,1
MAC002661,1
MAC002662,0
MAC002663,0
MAC002664,1
MAC002665,1
MAC002666,2
MAC002667,0
MAC002668,0
MAC002669,0
MAC002670,2
MAC002671,0
MAC002672,2
MAC002673,1
MAC002674,1
MAC002675,1
MAC002676,1
MAC002677,1
MAC002678,1
MAC002679,0
MAC002680,0
MAC002681,1
MAC002682,0
MAC002683,0
MAC002684,1
MAC002685,1
MAC002686,0
MAC002687,1
MAC002688,0
MAC002689,0
MAC002690,1
MAC002691,0
MAC002692,0
MAC002693,0
MAC002694,0
MAC002695,1
MAC002696,1
MAC002697,1
MAC002698,0
MAC002699,0
MAC002700,0
MAC002701,1
MAC002702,0
MAC002703,0
MAC002704,0
MAC002705,1
MAC002706,0
MAC002707,1
MAC002708,0
MAC002709,2
MAC002710,0
MAC002711,1
MAC002712,0
MAC002713,0
MAC002714,0
MAC002715,1
MAC002716,1
MAC002717,1
MAC002718,2
MAC002719,0
MAC002720,0
MAC002721,1
MAC002722,0
MAC002723,0
MAC002724,2
MAC002725,2
MAC002726,1
MAC002727,0
MAC002728,0
MAC002729,1
MAC002730,0
MAC002731,1
MAC002732,1
MAC002733,1
MAC002734,0
MAC002735,0
MAC002736,1
MAC002737,1
MAC002738,1
MAC002739,2
MAC002740,2
MAC002741,2
MAC002742,0
MAC002743,0
MAC002744,1
MAC002745,1
MAC002746,1
MAC002747,0
MAC002748,1
MAC002749,0
MAC002750,1
MAC002751,0
MAC002752,1
MAC002753,1
MAC002754,2
MAC002755,2
MAC002756,1
MAC002757,2
MAC002758,0
MAC002759,0
MAC002760,0
MAC002761,1
MAC002762,1
MAC002763,2
MAC002764,1
MAC002765,2
MAC002766,1
MAC002767,1
MAC002768,0
MAC002769,1
MAC002770,2
MAC002771,1
MAC002772,1
MAC002774,0
MAC002775,0
MAC002776,2
MAC002777,0
MAC002778,0
MAC002779,1
MAC002780,0
MAC002781,1
MAC002782,0
MAC002783,0
MAC002784,0
MAC002785,0
MAC002786,1
MAC002787,0
MAC002788,1
MAC002789,0
MAC002790,0
MAC002791,1
MAC002792,1
MAC002793,0
MAC002794,0
MAC002795,0
MAC002796,0
MAC002797,0
MAC002798,1
MAC002799,0
MAC002800,1
MAC002802,0
MAC002803,0
MAC002804,2
MAC002805,0
MAC002806,0
MAC002807,0
MAC002808,0
MAC002809,1
MAC002810,0
MAC002811,2
MAC002812,0
MAC002813,0
MAC002814,2
MAC002815,1
MAC002816,1
MAC002817,0
MAC002818,0
MAC002819,0
MAC002820,0
MAC002821,0
MAC002822,1
MAC002823,2
MAC002824,0
MAC002825,0
MAC002826,1
MAC002827,1
MAC002828,2
MAC002829,0
MAC002830,1
MAC002831,1
MAC002832,1
MAC002833,1
MAC002834,0
MAC002835,1
MAC002836,0
MAC002837,1
MAC002838,0
MAC002839,2
MAC002840,2
MAC002841,1
MAC002843,1
MAC002844,2
MAC002845,0
MAC002846,0
MAC002847,1
MAC002848,0
MAC002849,2
MAC002850,1
MAC002851,2
MAC002852,2
MAC002853,0
MAC002854,1
MAC002855,0
MAC002856,2
MAC002857,1
MAC002858,1
MAC002859,0
MAC002860,1
MAC002861,1
MAC002862,2
MAC002863,1
MAC002864,2
MAC002865,2
MAC002866,1
MAC002867,1
MAC002868,1
MAC002869,2
MAC002870,1
MAC002871,0
MAC002872,2
MAC002873,1
MAC002874,0
MAC002875,1
MAC002876,0
MAC002877,1
MAC002878,0
MAC002879,1
MAC002880,0
MAC002881,2
MAC002882,1
MAC002883,0
MAC002884,0
MAC002885,0
MAC002886,1
MAC002887,0
MAC002888,1
MAC002889,1
MAC002890,1
MAC002891,0
MAC002892,0
MAC002893,0
MAC002894,0
MAC002895,1
MAC002896,2
MAC002897,2
MAC002898,1
MAC002899,1
MAC002900,0
MAC002901,0
MAC002902,1
MAC002903,0
MAC002904,1
MAC002905,1
MAC002906,0
MAC002907,0
MAC002908,0
MAC002909,0
MAC002910,0
MAC002911,1
MAC002912,0
MAC002913,2
MAC002914,1
MAC002915,0
MAC002916,1
MAC002917,1
MAC002918,0
MAC002919,2
MAC002920,2
MAC002921,0
MAC002922,1
MAC002923,2
MAC002924,2
MAC002925,0
MAC002926,1
MAC002927,0
MAC002928,0
MAC002929,0
MAC002930,1
MAC002931,1
MAC002932,1
MAC002933,1
MAC002934,0
MAC002935,0
MAC002936,0
MAC002937,0
MAC002938,1
MAC002939,0
MAC002940,1
MAC002941,0
MAC002942,0
MAC002943,0
MAC002944,0
MAC002945,1
MAC002946,1
MAC002947,1
MAC002948,1
MAC002949,0
MAC002950,0
MAC002951,1
MAC002952,0
MAC002953,2
MAC002954,1
MAC002955,2
MAC002956,2
MAC002957,1
MAC002958,0
MAC002959,2
MAC002960,0
MAC002961,0
MAC002962,2
MAC002963,1
MAC002964,1
MAC002965,0
MAC002966,1
MAC002967,1
MAC002968,1
MAC002969,2
MAC002970,1
MAC002971,1
MAC002972,1
MAC002973,0
MAC002974,0
MAC002975,0
MAC002977,0
MAC002978,1
MAC002979,1
MAC002980,0
MAC002981,1
MAC002982,1
MAC002983,0
MAC002984,0
MAC002985,1
MAC002986,1
MAC002987,1
MAC002988,1
MAC002990,0
MAC002991,0
MAC002992,1
MAC002993,0
MAC002994,0
MAC002995,0
MAC002996,0
MAC002997,1
MAC002998,2
MAC002999,0
MAC003000,0
MAC003001,0
MAC003002,1
MAC003003,1
MAC003004,1
MAC003005,2
MAC003006,1
MAC003007,0
MAC003008,1
MAC003010,1
MAC003011,1
MAC003012,0
MAC003013,0
MAC003015,0
MAC003016,0
MAC003017,1
MAC003018,2
MAC003019,0
MAC003020,0
MAC003021,1
MAC003023,0
MAC003024,1
MAC003025,2
MAC003026,0
MAC003027,1
MAC003028,2
MAC003029,0
MAC003030,1
MAC003031,1
MAC003032,0
MAC003033,0
MAC003034,0
MAC003035,1
MAC003036,1
MAC003037,1
MAC003038,1
MAC003039,0
MAC003040,0
MAC003041,0
MAC003042,0
MAC003043,1
MAC003044,0
MAC003045,1
MAC003046,1
MAC003047,0
MAC003048,1
MAC003049,1
MAC003050,0
MAC003051,0
MAC003052,0
MAC003053,0
MAC003054,1
MAC003055,0
MAC003056,1
MAC003057,1
MAC003058,0
MAC003059,1
MAC003060,1
MAC003061,2
MAC003062,1
MAC003063,0
MAC003064,0
MAC003065,2
MAC003066,0
MAC003067,2
MAC003068,0
MAC003069,1
MAC003070,0
MAC003071,1
MAC003072,2
MAC003073,0
MAC003075,1
MAC003076,0
MAC003077,1
MAC003078,0
MAC003079,1
MAC003080,1
MAC003081,0
MAC003082,1
MAC003083,1
MAC003084,1
MAC003085,0
MAC003086,1
MAC003087,1
MAC003088,0
MAC003089,0
MAC003090,2
MAC003091,0
MAC003092,0
MAC003093,0
MAC003094,0
MAC003095,2
MAC003096,1
MAC003097,1
MAC003098,0
MAC003099,1
MAC003100,2
MAC003101,0
MAC003102,1
MAC003103,0
MAC003104,1
MAC003105,1
MAC003106,1
MAC003107,0
MAC003108,0
MAC003109,0
MAC003110,0
MAC003111,0
MAC003112,2
MAC003113,0
MAC003114,0
MAC003115,0
MAC003116,0
MAC003117,0
MAC003118,0
MAC003119,0
MAC003120,0
MAC003121,0
MAC003122,2
MAC003123,0
MAC003124,0
MAC003125,1
MAC003126,0
MAC003127,0
MAC003128,0
MAC003129,0
MAC003130,2
MAC003131,0
MAC003132,0
MAC003133,2
MAC003134,0
MAC003135,0
MAC003136,2
MAC003137,2
MAC003138,0
MAC003139,0
MAC003140,2
MAC003141,0
MAC003142,1
MAC003143,2
MAC003144,2
MAC003145,1
MAC003146,0
MAC003147,2
MAC003148,2
MAC003149,1
MAC003150,1
MAC003151,0
MAC003152,1
MAC003153,2
MAC003154,1
MAC003157,2
MAC003158,2
MAC003159,1
MAC003160,0
MAC003162,0
MAC003163,0
MAC003164,0
MAC003165,2
MAC003166,2
MAC003168,0
MAC003169,1
MAC003170,0
MAC003171,0
MAC003172,1
MAC003173,0
MAC003174,2
MAC003175,0
MAC003176,0
MAC003177,0
MAC003178,1
MAC003179,1
MAC003180,2
MAC003181,0
MAC003182,2
MAC003183,0
MAC003184,0
MAC003185,0
MAC003186,2
MAC003187,0
MAC003188,2
MAC003189,0
MAC003190,0
MAC003191,0
MAC003192,0
MAC003193,0
MAC003194,0
MAC003195,0
MAC003198,0
MAC003199,2
MAC003200,0
MAC003201,0
MAC003203,0
MAC003204,0
MAC003205,1
MAC003206,1
MAC003208,0
MAC003209,1
MAC003210,0
MAC003211,2
MAC003212,0
MAC003213,0
MAC003214,2
MAC003215,0
MAC003216,0
MAC003217,1
MAC003219,0
MAC003220,0
MAC003221,1
MAC003222,0
MAC003223,2
MAC003224,2
MAC003225,0
MAC003226,2
MAC003227,0
MAC003228,2
MAC003229,0
MAC003230,2
MAC003231,2
MAC003232,0
MAC003233,0
MAC003234,0
MAC003235,2
MAC003236,0
MAC003237,0
MAC003238,0
MAC003239,0
MAC003240,0
MAC003241,0
MAC003242,0
MAC003243,0
MAC003244,0
MAC003245,0
MAC003247,2
MAC003248,1
MAC003249,0
MAC003250,0
MAC003251,1
MAC003252,0
MAC003253,2
MAC003254,0
MAC003255,2
MAC003256,0
MAC003257,2
MAC003258,1
MAC003259,0
MAC003260,2
MAC003261,0
MAC003262,0
MAC003263,0
MAC003264,2
MAC003265,1
MAC003266,1
MAC003267,0
MAC003268,2
MAC003269,0
MAC003270,0
MAC003271,0
MAC003272,2
MAC003273,0
MAC003274,0
MAC003275,0
MAC003276,2
MAC003277,0
MAC003278,2
MAC003279,0
MAC003280,2
MAC003281,0
MAC003282,0
MAC003283,2
MAC003284,1
MAC003285,2
MAC003286,0
MAC003287,1
MAC003288,0
MAC003289,0
MAC003290,2
MAC003291,0
MAC003292,2
MAC003293,2
MAC003294,0
MAC003295,0
MAC003296,2
MAC003297,0
MAC003298,2
MAC003299,2
MAC003300,2
MAC003301,0
MAC003302,2
MAC003303,2
MAC003304,0
MAC003305,2
MAC003306,1
MAC003307,2
MAC003308,1
MAC003309,0
MAC003310,1
MAC003311,1
MAC003312,0
MAC003313,0
MAC003314,0
MAC003315,0
MAC003316,2
MAC003317,2
MAC003318,2
MAC003319,2
MAC003320,2
MAC003321,0
MAC003322,2
MAC003323,2
MAC003324,0
MAC003325,0
MAC003326,2
MAC003327,1
MAC003328,0
MAC003329,2
MAC003330,2
MAC003331,0
MAC003332,0
MAC003333,0
MAC003334,0
MAC003335,0
MAC003337,2
MAC003338,1
MAC003339,2
MAC003340,0
MAC003341,0
MAC003342,0
MAC003344,2
MAC003348,0
MAC003349,2
MAC003350,0
MAC003351,1
MAC003352,2
MAC003354,2
MAC003355,2
MAC003356,2
MAC003357,2
MAC003358,0
MAC003359,1
MAC003360,1
MAC003361,0
MAC003362,1
MAC003363,2
MAC003364,2
MAC003365,1
MAC003366,1
MAC003367,1
MAC003368,0
MAC003369,0
MAC003370,1
MAC003371,0
MAC003372,0
MAC003373,1
MAC003374,2
MAC003375,0
MAC003376,1
MAC003377,0
MAC003378,1
MAC003379,1
MAC003380,0
MAC003381,0
MAC003382,1
MAC003384,1
MAC003385,0
MAC003386,0
MAC003387,1
MAC003388,2
MAC003389,0
MAC003390,1
MAC003391,0
MAC003392,1
MAC003393,0
MAC003394,2
MAC003395,0
MAC003396,0
MAC003397,0
MAC003398,0
MAC003399,0
MAC003400,0
MAC003401,0
MAC003402,0
MAC003403,1
MAC003404,1
MAC003405,1
MAC003406,0
MAC003407,0
MAC003408,2
MAC003409,1
MAC003410,1
MAC003411,0
MAC003412,0
MAC003413,0
MAC003414,0
MAC003415,1
MAC003416,1
MAC003417,0
MAC003418,0
MAC003419,2
MAC003420,1
MAC003421,0
MAC003422,2
MAC003423,2
MAC003424,0
MAC003425,1
MAC003426,2
MAC003427,0
MAC003428,2
MAC003429,0
MAC003430,0
MAC003431,2
MAC003432,0
MAC003433,0
MAC003434,1
MAC003435,0
MAC003436,0
MAC003437,0
MAC003439,0
MAC003440,1
MAC003441,2
MAC003442,0
MAC003443,0
MAC003444,0
MAC003445,2
MAC003446,0
MAC003447,1
MAC003448,1
MAC003449,2
MAC003450,0
MAC003451,1
MAC003452,0
MAC003453,0
MAC003454,0
MAC003455,0
MAC003456,2
MAC003457,0
MAC003458,0
MAC003459,2
MAC003460,0
MAC003461,0
MAC003462,1
MAC003465,1
MAC003466,1
MAC003467,0
MAC003468,0
MAC003469,0
MAC003470,1
MAC003471,0
MAC003472,0
MAC003473,1
MAC003474,0
MAC003475,2
MAC003476,0
MAC003477,0
MAC003478,0
MAC003479,1
MAC003480,0
MAC003482,0
MAC003483,0
MAC003485,0
MAC003486,1
MAC003487,1
MAC003488,0
MAC003489,0
MAC003490,0
MAC003491,0
MAC003492,1
MAC003493,0
MAC003494,1
MAC003495,0
MAC003496,0
MAC003498,0
MAC003499,1
MAC003500,0
MAC003501,0
MAC003502,0
MAC003503,0
MAC003504,1
MAC003505,0
MAC003506,2
MAC003507,2
MAC003508,0
MAC003509,1
MAC003510,0
MAC003511,0
MAC003512,0
MAC003513,1
MAC003514,0
MAC003515,0
MAC003516,1
MAC003517,0
MAC003518,0
MAC003519,1
MAC003520,0
MAC003521,1
MAC003522,0
MAC003523,0
MAC003524,0
MAC003525,0
MAC003526,0
MAC003527,2
MAC003528,0
MAC003529,1
MAC003530,1
MAC003531,1
MAC003532,0
MAC003533,0
MAC003534,2
MAC003535,0
MAC003536,0
MAC003537,0
MAC003538,1
MAC003539,0
MAC003540,1
MAC003541,0
MAC003542,1
MAC003543,1
MAC003544,0
MAC003545,0
MAC003546,1
MAC003547,0
MAC003548,2
MAC003549,0
MAC003550,0
MAC003551,1
MAC003552,0
MAC003553,2
MAC003555,0
MAC003556,2
MAC003557,0
MAC003558,0
MAC003560,0
MAC003561,0
MAC003562,0
MAC003563,0
MAC003564,1
MAC003565,0
MAC003566,2
MAC003567,0
MAC003568,2
MAC003569,1
MAC003570,0
MAC003571,1
MAC003573,0
MAC003574,2
MAC003575,0
MAC003576,0
MAC003577,1
MAC003578,1
MAC003579,0
MAC003580,1
MAC003581,0
MAC003582,0
MAC003583,0
MAC003584,0
MAC003585,2
MAC003586,1
MAC003587,1
MAC003588,0
MAC003589,0
MAC003590,0
MAC003591,0
MAC003593,0
MAC003594,2
MAC003595,2
MAC003596,0
MAC003597,2
MAC003598,1
MAC003599,0
MAC003600,1
MAC003601,1
MAC003602,2
MAC003603,2
MAC003604,0
MAC003605,0
MAC003606,2
MAC003607,2
MAC003609,2
MAC003610,2
MAC003611,0
MAC003612,0
MAC003613,2
MAC003614,2
MAC003615,0
MAC003616,1
MAC003617,1
MAC003618,1
MAC003619,1
MAC003620,1
MAC003621,2
MAC003622,2
MAC003623,0
MAC003624,1
MAC003625,1
MAC003626,0
MAC003627,1
MAC003628,0
MAC003629,1
MAC003630,1
MAC003631,1
MAC003632,0
MAC003633,2
MAC003634,2
MAC003635,1
MAC003636,0
MAC003637,1
MAC003638,0
MAC003639,2
MAC003640,2
MAC003641,0
MAC003642,2
MAC003643,0
MAC003644,0
MAC003645,1
MAC003646,0
MAC003647,0
MAC003648,0
MAC003649,0
MAC003650,0
MAC003651,2
MAC003652,0
MAC003653,0
MAC003654,0
MAC003655,2
MAC003656,2
MAC003657,1
MAC003658,0
MAC003659,0
MAC003660,1
MAC003661,0
MAC003662,0
MAC003663,0
MAC003664,0
MAC003665,0
MAC003666,0
MAC003667,2
MAC003668,2
MAC003669,0
MAC003670,1
MAC003671,1
MAC003672,0
MAC003673,0
MAC003674,0
MAC003675,2
MAC003676,2
MAC003677,0
MAC003678,2
MAC003679,1
MAC003680,2
MAC003681,0
MAC003682,2
MAC003683,0
MAC003684,0
MAC003685,0
MAC003686,2
MAC003687,0
MAC003688,0
MAC003689,2
MAC003690,1
MAC003691,1
MAC003692,0
MAC003693,2
MAC003694,1
MAC003695,1
MAC003696,1
MAC003697,2
MAC003698,0
MAC003699,2
MAC003700,1
MAC003701,1
MAC003702,0
MAC003703,2
MAC003704,2
MAC003705,0
MAC003706,0
MAC003707,1
MAC003708,2
MAC003709,2
MAC003710,0
MAC003711,0
MAC003712,2
MAC003713,2
MAC003714,0
MAC003715,0
MAC003717,2
MAC003718,0
MAC003719,0
MAC003721,1
MAC003722,0
MAC003724,0
MAC003725,2
MAC003726,0
MAC003727,0
MAC003728,2
MAC003729,0
MAC003730,0
MAC003731,1
MAC003732,2
MAC003733,2
MAC003734,0
MAC003735,0
MAC003736,0
MAC003737,0
MAC003738,2
MAC003739,0
MAC003740,0
MAC003741,0
MAC003742,1
MAC003743,0
MAC003744,1
MAC003745,0
MAC003746,2
MAC003747,0
MAC003749,2
MAC003750,0
MAC003751,0
MAC003752,0
MAC003753,0
MAC003754,0
MAC003755,0
MAC003756,2
MAC003757,2
MAC003758,2
MAC003759,0
MAC003760,0
MAC003761,1
MAC003762,0
MAC003763,1
MAC003764,2
MAC003765,0
MAC003766,0
MAC003767,0
MAC003768,2
MAC003769,0
MAC003771,1
MAC003772,2
MAC003773,0
MAC003774,0
MAC003775,2
MAC003776,2
MAC003777,0
MAC003778,1
MAC003779,2
MAC003780,0
MAC003781,0
MAC003782,0
MAC003783,0
MAC003784,2
MAC003785,0
MAC003786,0
MAC003787,0
MAC003788,0
MAC003789,2
MAC003790,0
MAC003791,1
MAC003792,1
MAC003793,0
MAC003794,0
MAC003795,2
MAC003796,2
MAC003797,1
MAC003798,1
MAC003799,2
MAC003800,0
MAC003801,0
MAC003802,2
MAC003803,0
MAC003804,0
MAC003805,0
MAC003806,0
MAC003807,2
MAC003808,0
MAC003809,1
MAC003810,0
MAC003811,2
MAC003812,1
MAC003813,0
MAC003814,1
MAC003815,0
MAC003816,0
MAC003817,2
MAC003818,2
MAC003819,0
MAC003820,2
MAC003821,0
MAC003822,0
MAC003823,0
MAC003824,0
MAC003825,1
MAC003826,0
MAC003827,1
MAC003828,0
MAC003829,2
MAC003830,1
MAC003831,0
MAC003832,2
MAC003833,0
MAC003834,0
MAC003835,0
MAC003836,2
MAC003837,1
MAC003838,0
MAC003839,0
MAC003840,0
MAC003841,0
MAC003842,2
MAC003843,0
MAC003844,2
MAC003845,0
MAC003846,1
MAC003847,1
MAC003848,2
MAC003849,1
MAC003850,0
MAC003851,0
MAC003852,2
MAC003853,1
MAC003854,0
MAC003855,0
MAC003856,2
MAC003857,1
MAC003858,2
MAC003859,0
MAC003860,2
MAC003861,2
MAC003862,0
MAC003863,2
MAC003864,0
MAC003865,1
MAC003866,1
MAC003867,2
MAC003868,0
MAC003869,0
MAC003870,2
MAC003871,1
MAC003872,0
MAC003873,0
MAC003874,0
MAC003875,0
MAC003876,2
MAC003877,2
MAC003878,0
MAC003879,0
MAC003880,0
MAC003881,2
MAC003882,1
MAC003883,1
MAC003884,1
MAC003885,0
MAC003886,1
MAC003887,0
MAC003888,0
MAC003889,0
MAC003890,2
MAC003891,0
MAC003892,0
MAC003893,1
MAC003894,0
MAC003895,2
MAC003896,0
MAC003897,0
MAC003898,0
MAC003899,0
MAC003900,0
MAC003901,0
MAC003902,2
MAC003903,2
MAC003904,2
MAC003905,0
MAC003906,2
MAC003907,2
MAC003908,1
MAC003909,0
MAC003910,1
MAC003911,0
MAC003912,0
MAC003914,2
MAC003915,1
MAC003916,0
MAC003917,0
MAC003918,0
MAC003919,0
MAC003920,1
MAC003921,1
MAC003922,1
MAC003923,0
MAC003924,1
MAC003925,0
MAC003926,1
MAC003927,0
MAC003928,1
MAC003929,0
MAC003930,0
MAC003931,1
MAC003932,2
MAC003933,0
MAC003934,0
MAC003936,1
MAC003937,0
MAC003938,0
MAC003939,0
MAC003940,0
MAC003941,1
MAC003942,1
MAC003943,1
MAC003944,1
MAC003945,0
MAC003946,0
MAC003947,1
MAC003948,0
MAC003949,0
MAC003950,0
MAC003951,0
MAC003952,0
MAC003953,1
MAC003954,1
MAC003955,1
MAC003956,0
MAC003957,0
MAC003958,0
MAC003959,0
MAC003960,2
MAC003961,2
MAC003962,1
MAC003963,1
MAC003964,1
MAC003965,1
MAC003966,0
MAC003967,0
MAC003968,0
MAC003969,2
MAC003970,1
MAC003971,1
MAC003972,2
MAC003973,2
MAC003974,0
MAC003975,2
MAC003976,0
MAC003977,0
MAC003978,2
MAC003979,2
MAC003980,1
MAC003981,2
MAC003982,1
MAC003983,0
MAC003984,1
MAC003985,0
MAC003986,1
MAC003987,2
MAC003988,1
MAC003989,0
MAC003990,1
MAC003991,0
MAC003992,2
MAC003993,0
MAC003994,0
MAC003995,1
MAC003996,1
MAC003997,0
MAC003998,0
MAC003999,2
MAC004000,2
MAC004001,1
MAC004002,0
MAC004003,1
MAC004004,0
MAC004005,0
MAC004006,0
MAC004007,2
MAC004008,1
MAC004009,1
MAC004010,2
MAC004011,0
MAC004012,1
MAC004013,0
MAC004014,2
MAC004015,0
MAC004016,2
MAC004017,1
MAC004019,0
MAC004020,0
MAC004021,0
MAC004022,1
MAC004023,1
MAC004024,1
MAC004025,1
MAC004026,0
MAC004027,1
MAC004028,1
MAC004029,0
MAC004030,0
MAC004032,0
MAC004033,0
MAC004034,0
MAC004035,1
MAC004036,0
MAC004037,0
MAC004038,0
MAC004039,0
MAC004040,1
MAC004041,1
MAC004042,0
MAC004043,1
MAC004044,0
MAC004045,0
MAC004046,1
MAC004047,1
MAC004048,2
MAC004049,0
MAC004050,0
MAC004051,2
MAC004052,1
MAC004053,0
MAC004054,2
MAC004055,2
MAC004056,1
MAC004057,2
MAC004058,1
MAC004059,0
MAC004060,0
MAC004061,0
MAC004062,1
MAC004063,0
MAC004064,1
MAC004065,0
MAC004066,0
MAC004067,1
MAC004068,0
MAC004070,0
MAC004072,0
MAC004073,1
MAC004074,0
MAC004075,2
MAC004076,2
MAC004077,0
MAC004078,0
MAC004079,1
MAC004080,1
MAC004081,1
MAC004082,2
MAC004083,0
MAC004084,0
MAC004085,0
MAC004086,0
MAC004087,2
MAC004088,0
MAC004089,0
MAC004090,1
MAC004091,2
MAC004092,1
MAC004093,1
MAC004094,1
MAC004095,0
MAC004096,1
MAC004097,1
MAC004098,1
MAC004099,1
MAC004100,1
MAC004101,1
MAC004102,2
MAC004103,0
MAC004104,0
MAC004105,1
MAC004106,0
MAC004107,2
MAC004108,1
MAC004109,1
MAC004110,1
MAC004111,0
MAC004112,2
MAC004113,1
MAC004114,0
MAC004115,0
MAC004116,0
MAC004117,0
MAC004118,1
MAC004120,0
MAC004121,2
MAC004122,1
MAC004123,0
MAC004124,0
MAC004125,0
MAC004126,0
MAC004127,1
MAC004128,0
MAC004129,0
MAC004130,0
MAC004131,2
MAC004132,0
MAC004133,0
MAC004134,1
MAC004135,0
MAC004136,0
MAC004138,1
MAC004139,2
MAC004140,1
MAC004141,0
MAC004142,1
MAC004143,0
MAC004144,1
MAC004145,1
MAC004146,1
MAC004147,2
MAC004148,0
MAC004149,1
MAC004150,0
MAC004151,1
MAC004152,1
MAC004153,0
MAC004154,1
MAC004155,0
MAC004156,1
MAC004157,0
MAC004158,0
MAC004159,0
MAC004161,0
MAC004162,2
MAC004163,0
MAC004164,0
MAC004165,1
MAC004166,0
MAC004167,0
MAC004168,1
MAC004169,1
MAC004170,2
MAC004171,0
MAC004172,2
MAC004173,2
MAC004174,1
MAC004175,1
MAC004176,1
MAC004177,0
MAC004178,0
MAC004179,2
MAC004180,2
MAC004181,2
MAC004182,0
MAC004183,0
MAC004184,0
MAC004185,1
MAC004186,0
MAC004187,0
MAC004188,1
MAC004189,0
MAC004190,1
MAC004191,1
MAC004192,0
MAC004193,2
MAC004194,1
MAC004195,2
MAC004196,2
MAC004197,2
MAC004198,2
MAC004199,1
MAC004200,0
MAC004201,1
MAC004202,1
MAC004203,0
MAC004204,0
MAC004205,0
MAC004206,1
MAC004207,0
MAC004208,0
MAC004209,0
MAC004210,1
MAC004211,0
MAC004212,0
MAC004213,0
MAC004214,0
MAC004215,0
MAC004216,2
MAC004217,2
MAC004218,0
MAC004219,0
MAC004220,0
MAC004221,1
MAC004222,0
MAC004223,1
MAC004224,2
MAC004225,2
MAC004226,1
MAC004228,0
MAC004229,0
MAC004230,0
MAC004231,0
MAC004232,0
MAC004233,1
MAC004234,0
MAC004235,0
MAC004236,1
MAC004237,1
MAC004238,1
MAC004239,0
MAC004240,1
MAC004241,0
MAC004243,1
MAC004244,0
MAC004245,0
MAC004246,1
MAC004247,2
MAC004248,0
MAC004249,2
MAC004250,1
MAC004251,1
MAC004252,0
MAC004253,1
MAC004254,0
MAC004255,0
MAC004256,0
MAC004257,0
MAC004258,2
MAC004259,1
MAC004260,0
MAC004261,0
MAC004262,0
MAC004263,0
MAC004264,1
MAC004265,1
MAC004266,0
MAC004267,1
MAC004268,1
MAC004269,0
MAC004270,0
MAC004271,2
MAC004272,0
MAC004273,0
MAC004274,2
MAC004275,0
MAC004276,2
MAC004277,0
MAC004278,2
MAC004279,0
MAC004280,2
MAC004281,1
MAC004282,1
MAC004283,1
MAC004284,2
MAC004285,2
MAC004286,0
MAC004287,0
MAC004288,1
MAC004289,1
MAC004290,0
MAC004291,0
MAC004292,1
MAC004293,1
MAC004294,1
MAC004295,0
MAC004296,1
MAC004297,1
MAC004298,1
MAC004299,2
MAC004300,0
MAC004301,1
MAC004302,1
MAC004303,0
MAC004304,1
MAC004305,0
MAC004306,1
MAC004307,1
MAC004308,1
MAC004309,0
MAC004310,1
MAC004312,1
MAC004313,0
MAC004314,0
MAC004315,0
MAC004316,0
MAC004317,1
MAC004318,1
MAC004319,2
MAC004320,1
MAC004321,0
MAC004322,0
MAC004323,0
MAC004324,0
MAC004325,2
MAC004326,0
MAC004327,0
MAC004328,0
MAC004329,0
MAC004330,2
MAC004331,1
MAC004332,0
MAC004333,2
MAC004334,0
MAC004335,1
MAC004336,0
MAC004337,0
MAC004338,0
MAC004339,0
MAC004340,0
MAC004341,0
MAC004342,1
MAC004343,0
MAC004344,0
MAC004345,2
MAC004346,2
MAC004347,0
MAC004348,2
MAC004349,2
MAC004350,0
MAC004351,2
MAC004352,1
MAC004353,2
MAC004354,1
MAC004355,2
MAC004356,0
MAC004357,0
MAC004358,1
MAC004359,1
MAC004360,0
MAC004361,0
MAC004362,2
MAC004363,0
MAC004365,1
MAC004366,2
MAC004367,0
MAC004368,0
MAC004369,0
MAC004370,1
MAC004371,0
MAC004372,0
MAC004373,1
MAC004374,2
MAC004375,0
MAC004376,1
MAC004377,1
MAC004378,1
MAC004379,0
MAC004380,0
MAC004381,0
MAC004382,1
MAC004383,0
MAC004384,0
MAC004385,2
MAC004386,2
MAC004387,1
MAC004388,1
MAC004389,0
MAC004390,0
MAC004391,0
MAC004392,1
MAC004393,1
MAC004394,1
MAC004395,2
MAC004396,1
MAC004397,1
MAC004398,1
MAC004399,1
MAC004400,2
MAC004401,0
MAC004402,1
MAC004403,2
MAC004404,0
MAC004405,0
MAC004406,1
MAC004407,2
MAC004408,0
MAC004409,2
MAC004410,0
MAC004411,2
MAC004412,2
MAC004413,1
MAC004414,1
MAC004415,0
MAC004416,1
MAC004417,0
MAC004418,0
MAC004419,0
MAC004420,2
MAC004421,1
MAC004422,0
MAC004423,1
MAC004424,1
MAC004425,0
MAC004426,1
MAC004427,1
MAC004428,2
MAC004429,0
MAC004430,1
MAC004431,2
MAC004433,2
MAC004434,2
MAC004435,0
MAC004436,1
MAC004437,2
MAC004438,0
MAC004439,2
MAC004440,1
MAC004441,1
MAC004442,1
MAC004443,0
MAC004444,0
MAC004445,0
MAC004446,2
MAC004447,0
MAC004448,0
MAC004449,2
MAC004450,1
MAC004451,0
MAC004452,1
MAC004453,1
MAC004454,1
MAC004455,2
MAC004456,2
MAC004457,0
MAC004458,2
MAC004459,2
MAC004460,0
MAC004461,1
MAC004462,0
MAC004463,0
MAC004464,0
MAC004465,0
MAC004466,0
MAC004467,1
MAC004468,2
MAC004469,2
MAC004470,0
MAC004471,0
MAC004472,0
MAC004473,0
MAC004474,1
MAC004475,0
MAC004476,1
MAC004477,1
MAC004478,0
MAC004479,0
MAC004480,2
MAC004481,0
MAC004482,1
MAC004483,0
MAC004484,2
MAC004485,1
MAC004486,0
MAC004487,2
MAC004488,0
MAC004489,0
MAC004490,0
MAC004491,0
MAC004492,0
MAC004493,2
MAC004494,0
MAC004495,0
MAC004496,1
MAC004497,2
MAC004498,0
MAC004499,0
MAC004500,2
MAC004501,2
MAC004502,0
MAC004503,1
MAC004504,2
MAC004505,0
MAC004506,1
MAC004507,1
MAC004508,1
MAC004509,0
MAC004510,1
MAC004511,0
MAC004512,0
MAC004513,0
MAC004514,0
MAC004515,2
MAC004516,1
MAC004517,1
MAC004518,0
MAC004519,0
MAC004520,1
MAC004521,2
MAC004522,1
MAC004523,1
MAC004524,1
MAC004525,1
MAC004526,1
MAC004527,2
MAC004528,0
MAC004529,0
MAC004530,1
MAC004531,0
MAC004532,0
MAC004533,0
MAC004534,1
MAC004535,1
MAC004536,1
MAC004537,0
MAC004538,1
MAC004539,1
MAC004540,0
MAC004541,1
MAC004542,1
MAC004543,2
MAC004544,0
MAC004545,0
MAC004546,0
MAC004547,0
MAC004548,2
MAC004549,2
MAC004550,1
MAC004551,1
MAC004552,2
MAC004553,2
MAC004554,0
MAC004555,0
MAC004556,1
MAC004557,2
MAC004558,0
MAC004559,1
MAC004560,0
MAC004561,2
MAC004562,2
MAC004563,2
MAC004564,1
MAC004565,2
MAC004566,2
MAC004567,0
MAC004568,0
MAC004569,1
MAC004570,0
MAC004571,0
MAC004572,0
MAC004573,2
MAC004574,2
MAC004575,2
MAC004576,2
MAC004577,1
MAC004578,1
MAC004579,2
MAC004580,1
MAC004581,0
MAC004582,2
MAC004583,1
MAC004584,1
MAC004585,2
MAC004586,2
MAC004587,2
MAC004588,1
MAC004589,0
MAC004590,0
MAC004591,1
MAC004592,1
MAC004593,2
MAC004594,1
MAC004595,1
MAC004596,1
MAC004597,0
MAC004598,1
MAC004599,1
MAC004600,0
MAC004601,0
MAC004602,1
MAC004603,1
MAC004604,0
MAC004605,0
MAC004606,0
MAC004607,0
MAC004608,1
MAC004609,1
MAC004610,1
MAC004611,2
MAC004613,0
MAC004614,0
MAC004615,1
MAC004616,0
MAC004617,0
MAC004618,0
MAC004619,0
MAC004620,1
MAC004621,2
MAC004622,0
MAC004623,1
MAC004625,1
MAC004626,0
MAC004627,0
MAC004628,0
MAC004629,0
MAC004630,0
MAC004632,1
MAC004634,0
MAC004635,0
MAC004636,2
MAC004637,2
MAC004638,1
MAC004639,2
MAC004640,0
MAC004641,0
MAC004642,1
MAC004643,0
MAC004644,1
MAC004645,1
MAC004646,2
MAC004647,0
MAC004648,1
MAC004650,1
MAC004651,0
MAC004652,1
MAC004653,0
MAC004654,2
MAC004655,1
MAC004656,1
MAC004657,0
MAC004658,0
MAC004659,1
MAC004660,0
MAC004661,0
MAC004662,0
MAC004663,1
MAC004664,0
MAC004665,0
MAC004666,2
MAC004667,1
MAC004668,1
MAC004669,1
MAC004670,0
MAC004671,2
MAC004672,1
MAC004673,1
MAC004674,0
MAC004675,0
MAC004676,0
MAC004677,1
MAC004678,1
MAC004680,2
MAC004681,1
MAC004682,0
MAC004683,0
MAC004684,1
MAC004685,0
MAC004686,1
MAC004687,1
MAC004688,0
MAC004689,1
MAC004690,1
MAC004691,0
MAC004692,0
MAC004693,0
MAC004694,1
MAC004695,0
MAC004696,0
MAC004697,1
MAC004698,0
MAC004699,2
MAC004700,2
MAC004701,0
MAC004702,0
MAC004703,1
MAC004704,0
MAC004705,0
MAC004706,0
MAC004707,0
MAC004708,0
MAC004709,1
MAC004710,0
MAC004711,0
MAC004712,2
MAC004713,2
MAC004714,0
MAC004715,1
MAC004716,2
MAC004717,0
MAC004718,2
MAC004719,0
MAC004720,2
MAC004721,0
MAC004722,0
MAC004723,0
MAC004724,0
MAC004725,0
MAC004726,0
MAC004727,2
MAC004728,1
MAC004729,0
MAC004730,1
MAC004731,1
MAC004732,1
MAC004733,1
MAC004734,0
MAC004735,1
MAC004736,1
MAC004737,1
MAC004738,1
MAC004739,1
MAC004740,0
MAC004741,2
MAC004742,0
MAC004743,1
MAC004744,1
MAC004745,1
MAC004746,0
MAC004747,1
MAC004748,0
MAC004749,0
MAC004750,0
MAC004751,0
MAC004752,0
MAC004753,1
MAC004754,2
MAC004755,2
MAC004757,0
MAC004758,1
MAC004759,1
MAC004760,1
MAC004761,0
MAC004762,1
MAC004763,2
MAC004764,1
MAC004765,1
MAC004766,0
MAC004767,0
MAC004768,0
MAC004769,2
MAC004770,1
MAC004771,1
MAC004772,1
MAC004773,0
MAC004774,0
MAC004775,0
MAC004776,1
MAC004777,0
MAC004778,2
MAC004779,1
MAC004780,0
MAC004781,1
MAC004782,1
MAC004783,0
MAC004784,1
MAC004785,0
MAC004786,0
MAC004787,0
MAC004788,1
MAC004789,0
MAC004790,1
MAC004791,1
MAC004792,1
MAC004793,0
MAC004794,0
MAC004795,0
MAC004796,0
MAC004797,0
MAC004798,1
MAC004799,0
MAC004800,1
MAC004801,1
MAC004803,1
MAC004804,0
MAC004805,0
MAC004806,2
MAC004807,1
MAC004808,0
MAC004809,0
MAC004810,1
MAC004811,1
MAC004812,1
MAC004813,1
MAC004814,1
MAC004815,0
MAC004816,1
MAC004817,1
MAC004818,0
MAC004819,1
MAC004820,1
MAC004821,1
MAC004822,2
MAC004823,0
MAC004824,0
MAC004825,1
MAC004826,2
MAC004827,1
MAC004828,1
MAC004829,1
MAC004830,1
MAC004831,1
MAC004832,0
MAC004833,1
MAC004834,1
MAC004835,1
MAC004836,0
MAC004837,1
MAC004838,0
MAC004839,1
MAC004840,0
MAC004841,0
MAC004842,0
MAC004843,2
MAC004844,0
MAC004845,1
MAC004846,1
MAC004847,0
MAC004848,0
MAC004849,1
MAC004850,1
MAC004851,0
MAC004852,2
MAC004853,0
MAC004854,0
MAC004855,0
MAC004856,1
MAC004857,0
MAC004858,2
MAC004859,0
MAC004860,1
MAC004861,0
MAC004862,0
MAC004863,2
MAC004864,0
MAC004865,2
MAC004866,2
MAC004867,1
MAC004868,0
MAC004869,0
MAC004870,0
MAC004871,0
MAC004872,0
MAC004873,2
MAC004874,0
MAC004875,1
MAC004876,2
MAC004877,2
MAC004878,0
MAC004879,0
MAC004880,2
MAC004881,0
MAC004882,0
MAC004883,1
MAC004884,2
MAC004885,1
MAC004886,2
MAC004887,0
MAC004888,2
MAC004889,0
MAC004890,2
MAC004891,1
MAC004892,0
MAC004893,1
MAC004894,2
MAC004895,2
MAC004896,1
MAC004897,2
MAC004898,1
MAC004899,0
MAC004900,2
MAC004901,2
MAC004902,2
MAC004903,2
MAC004904,1
MAC004905,1
MAC004906,1
MAC004907,1
MAC004908,2
MAC004909,2
MAC004910,1
MAC004911,0
MAC004912,0
MAC004913,0
MAC004914,1
MAC004915,1
MAC004916,1
MAC004917,0
MAC004918,1
MAC004919,0
MAC004920,0
MAC004921,0
MAC004922,2
MAC004923,2
MAC004924,1
MAC004925,2
MAC004926,1
MAC004927,0
MAC004928,0
MAC004929,0
MAC004930,0
MAC004931,1
MAC004932,0
MAC004933,1
MAC004934,0
MAC004935,1
MAC004936,0
MAC004937,0
MAC004938,1
MAC004939,0
MAC004940,0
MAC004941,1
MAC004942,0
MAC004943,0
MAC004944,2
MAC004945,0
MAC004946,1
MAC004947,0
MAC004948,1
MAC004949,2
MAC004950,2
MAC004951,1
MAC004952,0
MAC004953,2
MAC004954,2
MAC004955,0
MAC004956,0
MAC004957,1
MAC004958,2
MAC004959,0
MAC004960,0
MAC004961,0
MAC004962,1
MAC004963,1
MAC004964,0
MAC004965,0
MAC004966,1
MAC004967,1
MAC004968,1
MAC004969,1
MAC004970,2
MAC004971,0
MAC004972,0
MAC004973,0
MAC004974,0
MAC004975,1
MAC004976,2
MAC004977,1
MAC004978,2
MAC004979,1
MAC004980,0
MAC004981,1
MAC004982,1
MAC004983,2
MAC004984,0
MAC004985,0
MAC004986,1
MAC004987,0
MAC004988,0
MAC004989,0
MAC004990,0
MAC004991,2
MAC004992,1
MAC004993,2
MAC004994,1
MAC004995,2
MAC004996,2
MAC004997,2
MAC004998,1
MAC004999,0
MAC005000,0
MAC005001,2
MAC005002,0
MAC005003,1
MAC005004,1
MAC005005,0
MAC005006,1
MAC005007,1
MAC005008,2
MAC005009,2
MAC005010,1
MAC005011,1
MAC005013,0
MAC005014,1
MAC005015,0
MAC005016,1
MAC005017,0
MAC005018,1
MAC005019,0
MAC005020,2
MAC005021,2
MAC005022,2
MAC005023,0
MAC005024,1
MAC005025,1
MAC005026,2
MAC005027,0
MAC005028,0
MAC005029,2
MAC005030,0
MAC005031,0
MAC005032,0
MAC005033,1
MAC005034,2
MAC005035,0
MAC005036,0
MAC005037,1
MAC005038,1
MAC005039,0
MAC005040,1
MAC005041,2
MAC005042,2
MAC005043,0
MAC005044,2
MAC005045,1
MAC005046,1
MAC005047,2
MAC005048,0
MAC005049,1
MAC005050,2
MAC005051,1
MAC005052,2
MAC005053,1
MAC005054,0
MAC005055,1
MAC005056,0
MAC005057,0
MAC005058,0
MAC005059,0
MAC005060,0
MAC005063,0
MAC005064,0
MAC005065,1
MAC005066,0
MAC005067,0
MAC005068,1
MAC005069,1
MAC005070,2
MAC005071,1
MAC005072,0
MAC005073,0
MAC005074,0
MAC005075,0
MAC005076,2
MAC005077,2
MAC005078,0
MAC005079,0
MAC005080,2
MAC005081,0
MAC005082,1
MAC005083,1
MAC005084,1
MAC005085,1
MAC005086,0
MAC005088,0
MAC005089,0
MAC005090,0
MAC005091,2
MAC005093,1
MAC005095,1
MAC005096,0
MAC005097,0
MAC005098,1
MAC005100,0
MAC005101,0
MAC005102,1
MAC005103,2
MAC005104,1
MAC005105,1
MAC005106,2
MAC005107,2
MAC005108,0
MAC005109,1
MAC005110,1
MAC005111,2
MAC005112,1
MAC005113,0
MAC005114,1
MAC005115,0
MAC005116,0
MAC005117,2
MAC005119,2
MAC005120,0
MAC005121,1
MAC005122,0
MAC005123,2
MAC005124,2
MAC005125,1
MAC005126,0
MAC005127,1
MAC005128,1
MAC005129,0
MAC005130,1
MAC005131,1
MAC005132,1
MAC005133,0
MAC005134,0
MAC005135,1
MAC005136,1
MAC005137,1
MAC005138,0
MAC005139,0
MAC005140,1
MAC005141,0
MAC005142,1
MAC005143,0
MAC005144,0
MAC005145,1
MAC005146,0
MAC005147,1
MAC005148,0
MAC005149,0
MAC005150,0
MAC005151,0
MAC005152,0
MAC005153,1
MAC005154,2
MAC005155,0
MAC005156,0
MAC005157,0
MAC005159,2
MAC005160,0
MAC005161,1
MAC005162,2
MAC005163,0
MAC005164,0
MAC005165,2
MAC005166,2
MAC005167,1
MAC005168,1
MAC005169,1
MAC005170,0
MAC005171,1
MAC005172,0
MAC005173,0
MAC005174,0
MAC005175,1
MAC005176,1
MAC005177,0
MAC005178,2
MAC005179,1
MAC005180,2
MAC005181,1
MAC005182,1
MAC005183,1
MAC005184,2
MAC005185,0
MAC005186,2
MAC005187,1
MAC005188,2
MAC005189,2
MAC005190,1
MAC005191,1
MAC005192,1
MAC005193,1
MAC005194,0
MAC005195,0
MAC005196,0
MAC005197,1
MAC005198,2
MAC005199,0
MAC005200,0
MAC005201,1
MAC005202,2
MAC005203,0
MAC005204,1
MAC005205,1
MAC005206,1
MAC005207,0
MAC005208,0
MAC005209,0
MAC005210,1
MAC005211,0
MAC005212,1
MAC005213,0
MAC005214,0
MAC005215,1
MAC005216,2
MAC005217,1
MAC005218,1
MAC005219,1
MAC005220,2
MAC005221,1
MAC005222,2
MAC005223,0
MAC005224,0
MAC005225,0
MAC005226,1
MAC005227,0
MAC005228,0
MAC005229,1
MAC005230,0
MAC005231,1
MAC005232,1
MAC005233,1
MAC005234,2
MAC005235,2
MAC005236,1
MAC005237,0
MAC005238,0
MAC005239,0
MAC005240,1
MAC005241,1
MAC005242,0
MAC005243,0
MAC005244,2
MAC005245,0
MAC005246,0
MAC005247,0
MAC005248,0
MAC005249,0
MAC005250,2
MAC005251,0
MAC005252,1
MAC005253,0
MAC005254,0
MAC005255,0
MAC005256,0
MAC005257,0
MAC005258,0
MAC005259,2
MAC005260,1
MAC005261,1
MAC005262,1
MAC005263,2
MAC005264,2
MAC005265,1
MAC005266,1
MAC005267,2
MAC005268,0
MAC005269,0
MAC005270,0
MAC005271,1
MAC005272,1
MAC005273,1
MAC005275,2
MAC005276,2
MAC005277,1
MAC005278,1
MAC005279,0
MAC005280,2
MAC005281,0
MAC005282,0
MAC005283,0
MAC005284,1
MAC005285,0
MAC005287,2
MAC005288,0
MAC005289,1
MAC005290,2
MAC005291,1
MAC005292,0
MAC005293,2
MAC005294,1
MAC005295,2
MAC005296,1
MAC005297,0
MAC005298,0
MAC005299,2
MAC005300,1
MAC005301,2
MAC005302,2
MAC005303,2
MAC005304,1
MAC005305,0
MAC005306,0
MAC005307,2
MAC005308,2
MAC005309,2
MAC005310,1
MAC005311,1
MAC005312,0
MAC005313,1
MAC005314,0
MAC005315,2
MAC005316,2
MAC005317,1
MAC005318,2
MAC005319,1
MAC005320,2
MAC005321,1
MAC005322,2
MAC005323,0
MAC005324,0
MAC005325,0
MAC005326,0
MAC005327,2
MAC005328,1
MAC005329,0
MAC005330,0
MAC005331,0
MAC005332,0
MAC005333,0
MAC005334,1
MAC005335,2
MAC005336,2
MAC005337,0
MAC005338,0
MAC005339,1
MAC005340,2
MAC005341,2
MAC005342,0
MAC005343,1
MAC005344,2
MAC005345,2
MAC005346,2
MAC005347,1
MAC005348,2
MAC005349,1
MAC005350,2
MAC005351,1
MAC005352,1
MAC005353,2
MAC005354,2
MAC005355,2
MAC005356,2
MAC005357,0
MAC005358,1
MAC005359,1
MAC005360,0
MAC005361,0
MAC005362,1
MAC005363,0
MAC005364,2
MAC005365,0
MAC005366,2
MAC005367,0
MAC005368,1
MAC005369,1
MAC005371,2
MAC005372,1
MAC005373,0
MAC005374,1
MAC005375,0
MAC005376,0
MAC005377,2
MAC005378,2
MAC005379,0
MAC005380,1
MAC005381,1
MAC005382,2
MAC005383,1
MAC005384,0
MAC005385,2
MAC005386,2
MAC005387,0
MAC005388,2
MAC005389,1
MAC005390,1
MAC005391,0
MAC005392,0
MAC005393,2
MAC005394,1
MAC005395,0
MAC005396,1
MAC005397,0
MAC005398,2
MAC005399,2
MAC005400,1
MAC005401,0
MAC005402,2
MAC005403,0
MAC005404,2
MAC005405,1
MAC005406,2
MAC005407,2
MAC005408,0
MAC005409,0
MAC005410,0
MAC005411,2
MAC005412,2
MAC005413,2
MAC005414,1
MAC005415,1
MAC005416,0
MAC005417,0
MAC005418,0
MAC005419,1
MAC005420,1
MAC005421,2
MAC005422,2
MAC005423,2
MAC005424,2
MAC005425,0
MAC005426,1
MAC005427,0
MAC005428,0
MAC005429,0
MAC005430,0
MAC005431,1
MAC005432,0
MAC005433,1
MAC005434,2
MAC005435,0
MAC005436,0
MAC005437,1
MAC005438,1
MAC005439,1
MAC005440,0
MAC005441,0
MAC005442,2
MAC005443,1
MAC005444,1
MAC005445,1
MAC005446,2
MAC005447,2
MAC005448,1
MAC005449,0
MAC005450,1
MAC005451,0
MAC005452,0
MAC005453,1
MAC005454,0
MAC005455,1
MAC005456,0
MAC005457,0
MAC005458,0
MAC005459,2
MAC005460,0
MAC005461,0
MAC005462,1
MAC005463,0
MAC005464,0
MAC005465,0
MAC005466,1
MAC005467,0
MAC005468,0
MAC005469,0
MAC005470,1
MAC005471,1
MAC005472,1
MAC005473,1
MAC005474,1
MAC005475,0
MAC005476,0
MAC005477,1
MAC005478,0
MAC005479,0
MAC005480,1
MAC005481,0
MAC005482,0
MAC005483,0
MAC005484,0
MAC005485,0
MAC005486,1
MAC005487,1
MAC005488,0
MAC005489,0
MAC005490,0
MAC005491,1
MAC005492,0
MAC005493,1
MAC005494,0
MAC005495,2
MAC005496,0
MAC005497,2
MAC005498,1
MAC005499,0
MAC005500,0
MAC005501,1
MAC005502,0
MAC005503,0
MAC005504,0
MAC005505,1
MAC005506,0
MAC005507,0
MAC005508,0
MAC005509,0
MAC005511,0
MAC005512,1
MAC005514,1
MAC005515,0
MAC005516,0
MAC005517,1
MAC005518,0
MAC005519,1
MAC005520,1
MAC005521,0
MAC005522,2
MAC005523,0
MAC005524,0
MAC005525,1
MAC005526,0
MAC005527,1
MAC005528,1
MAC005529,0
MAC005530,0
MAC005531,1
MAC005532,2
MAC005533,0
MAC005534,0
MAC005535,1
MAC005536,1
MAC005537,0
MAC005538,1
MAC005539,0
MAC005540,1
MAC005541,2
MAC005542,0
MAC005543,2
MAC005544,1
MAC005545,2
MAC005546,1
MAC005547,0
MAC005548,1
MAC005549,2
MAC005550,0
MAC005551,0
MAC005552,0
MAC005553,2
MAC005554,1
MAC005555,1
MAC005557,1
MAC005561,0
MAC005562,0
MAC005564,1
MAC005566,2
MAC005567,1
